County,MHI_5y,MHI_white_5y,MHI_black_5y,MHI_am_indian_5y,MHI_asian_5y,MHI_haw_pac_5y,MHI_other_5y,MHI_two_plus_5y,MHI_hispanic_5y,MHI_white_not_hispanic_5y,population_5y,population_21plus_5y,male_percent_5y,female_percent_5y,age_median_5y,age_21_over_5y,age_18_over_5y,age_20_to_24_5y,age_25_to_34_5y,age_35_to_44_5y,age_45_to_54_5y,age_55_to_59_5y,age_60_to_64_5y,age_65_over_5y,white_5y,black_5y,am_indian_5y,asian_5y,haw_pac_5y,other_race_5y,hisp_5y,white_not_hisp_5y,MHI_1y,MHI_white_1y,MHI_black_1y,MHI_am_indian_1y,MHI_asian_1y,MHI_haw_pac_1y,MHI_other_1y,MHI_two_plus_1y,MHI_hispanic_1y,MHI_white_not_hispanic_1y,population_1y,population_21plus_1y,male_percent_1y,female_percent_1y,age_median_1y,age_21_over_1y,age_18_over_1y,age_20_to_24_1y,age_25_to_34_1y,age_35_to_44_1y,age_45_to_54_1y,age_55_to_59_1y,age_60_to_64_1y,age_65_over_1y,white_1y,black_1y,am_indian_1y,asian_1y,haw_pac_1y,other_race_1y,hisp_1y,white_not_hisp_1y,Year,Square Miles
ADAMS,43926.0,46098.0,,6806.0,42692.0,,35058.0,54091.0,35989.0,51944.0,18802.0,11296.0,50.8,49.2,29.0,60.1,65.1,6.8,13.1,12.0,10.6,5.1,4.3,10.1,64.1,0.4,2.0,1.3,0.5,32.2,60.1,37.9,,,,,,,,,,,,,,,,,,,,,,,,,,,,,,,,,2014,1924.98
ADAMS,44533.0,46608.0,,19135.0,43864.0,,34256.0,60821.0,37712.0,49609.0,18951.0,11380.0,50.9,49.1,28.9,60.0,65.0,7.1,12.8,12.0,10.6,5.1,4.3,10.1,67.5,0.5,1.4,1.6,0.3,29.1,60.8,37.0,,,,,,,,,,,,,,,,,,,,,,,,,,,,,,,,,2015,1924.98
ADAMS,46564.0,52046.0,,,,,32582.0,62287.0,40060.0,53780.0,19081.0,11412.0,50.8,49.2,28.9,59.8,64.8,6.9,12.7,11.8,10.5,5.5,4.3,10.1,67.6,0.7,1.3,1.6,0.3,28.8,61.5,36.2,,,,,,,,,,,,,,,,,,,,,,,,,,,,,,,,,2016,1924.98
ADAMS,47554.0,52057.0,,20714.0,,,37911.0,87500.0,42661.0,53872.0,19100.0,11521.0,50.9,49.1,28.6,60.3,64.8,7.0,12.5,11.5,10.7,5.2,4.4,10.4,70.9,1.0,2.4,1.2,0.2,24.3,61.9,35.7,,,,,,,,,,,,,,,,,,,,,,,,,,,,,,,,,2017,1924.98
ADAMS,48131.0,53859.0,,24183.0,75588.0,,37553.0,63542.0,41583.0,56578.0,19261.0,11726.0,50.6,49.4,28.4,60.9,64.9,7.3,12.6,11.3,10.6,5.2,4.4,10.7,70.1,1.1,3.4,1.5,0.0,23.9,62.3,35.2,,,,,,,,,,,,,,,,,,,,,,,,,,,,,,,,,2018,1924.98
ADAMS,49142.0,53693.0,,26157.0,78627.0,,41926.0,63080.0,42972.0,55861.0,19452.0,11795.0,50.6,49.4,28.3,60.6,64.8,7.3,12.7,11.2,10.5,5.1,4.7,10.8,69.3,1.3,4.3,1.6,0.2,23.8,63.0,34.5,,,,,,,,,,,,,,,,,,,,,,,,,,,,,,,,,2019,1924.98
ASOTIN,43175.0,43632.0,5469.0,20469.0,81000.0,,29375.0,42639.0,32000.0,43863.0,21802.0,16284.0,47.9,52.1,43.6,74.7,78.7,6.1,10.9,11.2,14.1,7.0,7.5,19.7,93.9,1.2,2.6,1.1,0.3,1.3,3.3,92.1,,,,,,,,,,,,,,,,,,,,,,,,,,,,,,,,,2014,636.21
ASOTIN,42689.0,42569.0,6071.0,21607.0,100652.0,,14643.0,70096.0,24662.0,42917.0,21955.0,16572.0,47.9,52.1,44.0,75.5,78.8,6.0,10.8,11.1,13.9,7.0,7.7,20.1,93.8,1.0,2.4,1.2,0.4,1.3,3.4,91.9,,,,,,,,,,,,,,,,,,,,,,,,,,,,,,,,,2015,636.21
ASOTIN,44394.0,44467.0,,,101583.0,,,,31250.0,44641.0,22040.0,16721.0,47.9,52.1,44.2,75.9,79.0,6.2,10.8,10.9,13.5,7.6,7.6,20.4,93.5,1.2,2.5,1.3,0.4,1.2,3.6,91.6,,,,,,,,,,,,,,,,,,,,,,,,,,,,,,,,,2016,636.21
ASOTIN,45550.0,45851.0,,,101417.0,,,31471.0,27154.0,46053.0,22113.0,16809.0,48.1,51.9,44.6,76.0,79.2,6.1,10.9,10.9,13.1,8.3,7.0,20.8,93.9,1.2,2.7,1.3,0.2,0.8,3.6,91.5,,,,,,,,,,,,,,,,,,,,,,,,,,,,,,,,,2017,636.21
ASOTIN,47483.0,48135.0,,28424.0,104423.0,,,31721.0,27034.0,48402.0,22259.0,16867.0,47.6,52.4,44.7,75.8,79.2,5.7,11.1,10.7,12.5,8.4,7.0,21.6,93.1,1.3,3.7,1.3,0.2,0.6,3.6,91.2,,,,,,,,,,,,,,,,,,,,,,,,,,,,,,,,,2018,636.21
ASOTIN,50423.0,50781.0,,28818.0,113409.0,,,31705.0,28286.0,50955.0,22337.0,17067.0,48.0,52.0,45.0,76.4,79.2,5.3,11.0,10.9,12.3,8.1,7.4,22.2,92.8,1.2,3.3,1.4,0.4,1.1,3.8,90.9,,,,,,,,,,,,,,,,,,,,,,,,,,,,,,,,,2019,636.21
BENTON,60485.0,63394.0,56066.0,46964.0,84337.0,54904.0,37180.0,59813.0,39427.0,64440.0,178992.0,123050.0,50.1,49.9,35.5,68.7,73.0,6.5,13.2,12.3,13.9,6.8,5.6,12.1,80.9,2.1,2.0,3.6,0.3,11.7,19.0,73.9,58997.0,60814.0,48718.0,47267.0,,,44659.0,61454.0,43747.0,61385.0,184486.0,127988.0,50.2,49.8,35.3,69.4,73.1,6.8,13.5,12.2,12.8,6.6,6.1,12.8,77.2,2.3,2.0,4.0,0.2,14.9,19.9,72.8,2014,1700.38
BENTON,60589.0,63388.0,56233.0,40556.0,84274.0,52500.0,37555.0,57425.0,38585.0,64672.0,182053.0,125510.0,50.2,49.8,35.5,68.9,73.1,6.6,13.3,12.2,13.5,6.5,6.0,12.5,80.2,2.2,1.9,3.7,0.4,12.2,19.5,73.4,58093.0,60123.0,36350.0,24393.0,177150.0,,36017.0,32013.0,36457.0,61236.0,186486.0,129541.0,50.1,49.9,35.4,69.5,73.7,6.9,13.5,12.0,12.6,5.9,6.5,13.5,80.3,2.7,1.8,3.7,0.5,11.7,20.4,72.2,2015,1700.38
BENTON,60251.0,62873.0,48844.0,45066.0,70875.0,49500.0,38364.0,54020.0,39209.0,64416.0,184930.0,127631.0,50.0,50.0,35.5,69.0,73.2,6.7,13.4,12.1,13.1,6.4,6.1,12.9,80.2,2.3,1.8,3.8,0.4,12.1,20.0,72.6,62484.0,66038.0,,,63455.0,,36358.0,,38621.0,68856.0,190309.0,131269.0,49.6,50.4,35.5,69.0,73.0,6.4,13.7,11.9,12.5,6.2,5.8,14.2,80.1,2.3,1.7,4.2,0.6,11.8,21.0,71.2,2016,1700.38
BENTON,61147.0,63203.0,65274.0,45463.0,77679.0,49545.0,40771.0,55795.0,40714.0,64729.0,187519.0,130037.0,50.1,49.9,35.5,69.3,73.2,6.5,13.4,12.1,12.8,6.5,6.2,13.4,80.4,2.3,1.9,3.9,0.4,11.8,20.3,72.2,62508.0,64653.0,57952.0,,,,45609.0,57768.0,37767.0,67860.0,193686.0,134878.0,49.6,50.4,35.6,69.6,73.2,6.2,13.3,12.5,11.9,6.2,6.4,14.2,83.2,2.3,1.7,4.1,,9.4,21.4,71.0,2017,1700.38
BENTON,63001.0,65217.0,55077.0,43688.0,91845.0,51938.0,45776.0,49063.0,44602.0,67356.0,190529.0,132281.0,50.1,49.9,35.6,69.4,73.2,6.4,13.6,12.1,12.4,6.5,6.2,13.7,80.4,2.4,1.9,3.9,0.5,11.6,20.8,71.6,63346.0,65373.0,,84457.0,103731.0,,49549.0,35622.0,48075.0,69577.0,198171.0,137822.0,50.1,49.9,36.1,69.5,73.3,6.1,13.6,12.6,11.8,6.8,5.6,14.4,83.0,2.3,2.5,4.2,,8.1,21.9,70.3,2018,1700.38
BENTON,65650.0,68150.0,,47917.0,95385.0,51000.0,48339.0,44375.0,45558.0,71374.0,194168.0,134869.0,50.0,50.0,35.7,69.5,73.2,6.2,13.5,12.2,12.1,6.3,6.2,14.1,81.5,2.4,1.9,4.0,0.5,10.3,21.3,70.9,68115.0,70111.0,26485.0,,81285.0,,57123.0,66357.0,50108.0,73869.0,201877.0,140457.0,49.5,50.5,35.8,69.6,73.3,5.7,13.7,12.4,11.8,6.2,5.9,14.9,82.6,2.6,1.6,4.1,0.4,8.9,22.3,69.7,2019,1700.38
CHELAN,51354.0,51961.0,23125.0,43636.0,38875.0,,43033.0,44650.0,43391.0,53773.0,73047.0,52320.0,49.8,50.2,39.4,71.6,75.4,6.3,11.9,11.1,14.0,7.8,6.2,15.6,88.7,0.6,1.8,1.4,0.3,7.4,26.4,69.9,51101.0,51284.0,,,,,49991.0,60365.0,41460.0,53339.0,73967.0,52533.0,48.3,51.7,39.2,71.0,76.0,5.0,13.3,11.4,12.1,8.4,5.9,16.6,89.9,0.7,1.4,1.6,0.8,5.9,27.1,69.0,2014,2920.52
CHELAN,50876.0,51182.0,40625.0,45438.0,46397.0,,50233.0,44557.0,42601.0,53337.0,73664.0,52883.0,49.9,50.1,39.2,71.8,75.4,6.2,12.0,11.1,13.4,7.6,6.3,16.2,90.1,0.9,1.9,1.6,0.4,5.6,26.8,69.5,50177.0,50406.0,,,,,,,42048.0,51511.0,74588.0,53542.0,50.4,49.6,40.3,71.8,74.8,6.9,10.7,11.9,12.2,6.9,7.0,17.3,93.8,1.8,1.7,1.7,,2.2,27.4,,2015,2920.52
CHELAN,51837.0,52185.0,40357.0,48194.0,,,50707.0,36641.0,41889.0,54780.0,74267.0,53474.0,49.9,50.1,39.3,72.0,75.6,6.4,12.1,11.0,12.9,7.5,6.5,16.7,90.1,0.9,2.1,1.4,0.3,5.6,27.2,69.0,56890.0,56161.0,,,,,58707.0,,41682.0,58703.0,75644.0,54912.0,50.1,49.9,40.0,72.6,76.0,5.3,11.9,12.0,12.5,6.6,7.1,18.2,,,1.6,,,7.6,27.7,,2016,2920.52
CHELAN,51845.0,51725.0,,47143.0,76250.0,,52692.0,62702.0,42021.0,54772.0,74761.0,54107.0,49.8,50.2,39.8,72.4,75.8,6.4,12.1,11.1,12.4,7.2,6.7,17.5,90.7,1.2,2.4,1.6,0.4,4.7,27.2,68.8,52080.0,51532.0,,,46439.0,,,,41522.0,56383.0,76338.0,55371.0,50.0,50.0,40.3,72.5,76.0,6.5,11.1,11.3,12.5,7.4,6.7,18.4,90.3,3.1,2.4,1.9,,4.4,27.7,68.1,2017,2920.52
CHELAN,54975.0,55024.0,,43750.0,92963.0,,54534.0,63900.0,43875.0,57675.0,75138.0,54160.0,49.7,50.3,39.9,72.1,75.8,6.1,12.3,11.2,12.2,7.2,6.9,17.6,89.3,1.4,2.4,1.6,0.5,6.1,27.5,68.3,61615.0,65851.0,,,,,45406.0,,45986.0,66457.0,76533.0,53491.0,50.2,49.8,40.6,69.9,75.9,5.1,10.7,10.9,12.4,7.0,7.6,18.3,82.3,1.5,1.6,1.6,,13.0,28.1,,2018,2920.52
CHELAN,56135.0,56906.0,31190.0,45313.0,,,49439.0,73371.0,45398.0,60176.0,75757.0,54943.0,49.8,50.2,40.2,72.5,76.1,6.3,12.1,11.4,12.1,7.1,7.0,18.2,85.3,1.2,2.4,1.5,0.5,10.0,27.8,68.1,57132.0,59726.0,,48521.0,,,44725.0,73745.0,49451.0,61766.0,77036.0,56543.0,50.1,49.9,39.2,73.4,76.6,6.2,13.1,12.6,10.9,7.6,6.3,18.7,74.6,0.9,2.4,1.6,0.8,20.0,28.3,67.5,2019,2920.52
CLALLAM,46033.0,47230.0,16635.0,24688.0,38182.0,,27800.0,38438.0,29427.0,47694.0,71731.0,56780.0,49.5,50.5,49.4,79.2,82.0,5.4,10.2,9.5,13.1,8.4,8.6,24.9,88.1,1.3,7.3,2.5,0.3,0.8,5.4,84.3,46566.0,47909.0,,26000.0,,,,35753.0,22814.0,48655.0,72312.0,56946.0,50.3,49.7,50.3,78.8,82.2,5.4,9.6,9.6,12.1,7.7,9.0,26.8,88.0,1.3,7.1,2.5,,1.2,5.7,83.7,2014,1738.33
CLALLAM,47008.0,47967.0,7235.0,30141.0,41250.0,,28000.0,44875.0,35192.0,48449.0,72024.0,57085.0,49.6,50.4,49.7,79.3,82.1,5.3,10.3,9.6,12.4,8.2,8.7,25.5,87.9,1.4,7.1,2.5,0.4,1.1,5.5,84.0,46469.0,46998.0,,35655.0,56619.0,,,57554.0,38036.0,48433.0,72715.0,57276.0,49.5,50.5,49.8,78.8,82.2,5.8,10.7,9.2,11.1,7.3,9.3,26.8,87.9,0.9,7.2,2.1,0.5,1.8,5.8,83.4,2015,1738.33
CLALLAM,47253.0,48246.0,,31926.0,38482.0,48500.0,29607.0,42031.0,38636.0,48632.0,72397.0,57361.0,49.6,50.4,50.1,79.2,82.2,5.4,10.2,9.4,12.2,8.0,8.9,26.2,88.1,1.4,7.1,2.4,0.4,1.0,5.7,83.8,44929.0,45710.0,,31974.0,,,,41461.0,46265.0,45454.0,73486.0,57898.0,49.0,51.0,51.3,78.8,82.6,5.2,9.9,8.8,12.3,8.0,8.7,27.7,88.6,0.3,8.3,2.5,,,6.0,83.2,2016,1738.33
CLALLAM,47180.0,48500.0,27917.0,31483.0,39893.0,48854.0,29977.0,42981.0,35625.0,49161.0,72969.0,57926.0,49.4,50.6,50.3,79.4,82.3,5.2,10.3,9.4,11.7,7.9,9.0,26.9,88.3,1.5,7.0,2.3,0.4,1.1,5.9,83.6,48587.0,50315.0,30448.0,32835.0,59617.0,,38567.0,46636.0,26398.0,51050.0,74570.0,58745.0,49.0,51.0,50.8,78.8,81.9,4.7,10.0,9.5,10.8,8.0,8.7,28.0,88.0,1.6,6.8,2.5,0.7,1.2,6.1,83.0,2017,1738.33
CLALLAM,48002.0,49513.0,,29844.0,49398.0,51042.0,30924.0,39167.0,36682.0,50064.0,73439.0,58274.0,49.5,50.5,50.5,79.4,82.4,5.0,10.3,9.6,11.5,8.0,8.8,27.4,88.1,1.5,6.9,2.3,0.4,1.4,6.0,83.3,47907.0,49622.0,,25496.0,,,,23090.0,,49694.0,75474.0,60656.0,48.6,51.4,51.4,80.4,83.1,5.3,10.1,10.0,10.5,8.5,8.6,29.2,87.0,1.8,7.4,2.9,,1.5,6.3,82.5,2018,1738.33
CLALLAM,49913.0,51373.0,29444.0,34830.0,59808.0,51042.0,31909.0,46555.0,38082.0,52272.0,74487.0,59282.0,49.5,50.5,50.5,79.6,82.6,4.8,10.5,9.9,10.8,8.1,8.6,28.0,88.0,1.5,6.9,2.4,0.4,1.3,6.2,83.0,59001.0,59381.0,,46063.0,67885.0,,,65193.0,34198.0,60198.0,76737.0,61222.0,50.0,50.0,50.6,79.8,83.0,4.0,10.0,10.7,10.0,8.8,8.3,28.9,88.2,1.6,6.9,2.9,,0.4,6.4,82.5,2019,1738.33
CLARK,58225.0,59366.0,40019.0,44167.0,65414.0,54000.0,37143.0,52833.0,41942.0,59928.0,432549.0,303539.0,49.4,50.6,37.0,70.2,73.9,5.9,12.8,13.9,14.2,6.4,6.0,12.1,85.7,3.2,2.0,5.6,1.3,3.1,7.9,81.3,57588.0,58923.0,50580.0,41643.0,58428.0,120973.0,35994.0,41952.0,43511.0,59648.0,443817.0,314102.0,49.6,50.4,37.3,70.8,74.4,6.1,12.6,13.9,13.6,6.7,6.0,13.1,84.6,3.3,2.1,5.9,1.3,3.7,8.4,80.5,2014,629.0
CLARK,59551.0,60817.0,40865.0,48679.0,68061.0,59423.0,38621.0,57710.0,41657.0,61417.0,438272.0,309354.0,49.4,50.6,37.2,70.6,74.2,6.0,12.8,13.8,14.1,6.5,6.1,12.6,85.0,3.3,2.1,5.8,1.3,3.5,8.1,80.8,61741.0,63044.0,43281.0,41378.0,69874.0,,43031.0,54045.0,43194.0,63572.0,451008.0,321121.0,49.7,50.3,37.5,71.2,74.8,6.0,12.6,13.7,13.5,6.8,6.0,13.8,83.9,3.3,2.3,6.0,1.4,4.3,8.7,79.5,2015,629.0
CLARK,60756.0,61954.0,42788.0,50500.0,70577.0,51466.0,39786.0,55363.0,41362.0,62593.0,444506.0,315129.0,49.5,50.5,37.4,70.9,74.5,6.1,12.8,13.6,13.9,6.6,6.1,13.1,84.7,3.4,2.1,6.0,1.3,3.6,8.4,80.3,64275.0,65993.0,40861.0,78261.0,65463.0,,46250.0,49440.0,42489.0,66778.0,459495.0,327752.0,49.6,50.4,38.0,71.3,75.1,5.9,12.9,13.6,13.4,6.8,6.0,14.2,84.7,3.4,2.0,6.2,1.3,3.3,9.0,79.2,2016,629.0
CLARK,62879.0,64361.0,43231.0,48125.0,73577.0,57690.0,42913.0,55644.0,44578.0,65157.0,450893.0,321125.0,49.4,50.6,37.8,71.2,74.8,6.0,12.7,13.5,13.8,6.7,6.1,13.7,84.6,3.2,2.1,5.9,1.3,3.7,8.7,80.0,69062.0,70571.0,54398.0,26984.0,79042.0,48694.0,42207.0,54034.0,50254.0,71642.0,467018.0,335341.0,49.4,50.6,38.0,71.8,75.4,5.8,13.0,13.1,13.6,6.4,6.5,14.7,84.5,3.2,2.1,6.1,1.2,3.6,9.3,79.2,2017,629.0
CLARK,67832.0,68758.0,50977.0,55313.0,76628.0,66908.0,44703.0,62729.0,48960.0,69394.0,457474.0,327347.0,49.4,50.6,38.0,71.6,75.1,6.0,12.8,13.4,13.7,6.6,6.2,14.1,84.5,3.3,2.1,6.1,1.3,3.6,9.0,79.4,74747.0,73978.0,75623.0,80362.0,85259.0,72295.0,49311.0,89250.0,58231.0,75595.0,474643.0,343450.0,49.5,50.5,38.6,72.4,75.7,5.7,13.1,13.4,13.5,6.6,6.4,14.9,85.1,3.4,2.0,6.4,1.2,2.5,9.7,78.3,2018,629.0
CLARK,71636.0,72543.0,51227.0,66774.0,81923.0,62262.0,47627.0,68214.0,53643.0,73484.0,465384.0,334252.0,49.4,50.6,38.2,71.8,75.4,5.9,13.0,13.4,13.5,6.6,6.3,14.6,84.5,3.4,2.2,6.2,1.4,3.4,9.3,78.9,74060.0,73990.0,42047.0,82394.0,95384.0,53779.0,46485.0,89738.0,57602.0,75463.0,481857.0,350207.0,49.6,50.4,38.6,72.7,76.2,5.7,13.6,13.4,13.1,6.5,6.2,15.5,84.4,3.5,2.4,6.5,1.6,2.9,10.0,77.9,2019,629.0
COLUMBIA,42519.0,42746.0,,75694.0,,,16771.0,17083.0,16875.0,43197.0,4027.0,3083.0,51.3,48.7,49.2,76.6,79.7,2.8,8.5,10.2,14.3,9.4,7.6,24.3,92.1,0.4,3.0,1.1,0.0,3.7,6.3,88.9,,,,,,,,,,,,,,,,,,,,,,,,,,,,,,,,,2014,868.63
COLUMBIA,41071.0,42521.0,,78047.0,,,16705.0,14821.0,17411.0,42542.0,4031.0,3069.0,50.2,49.8,49.2,76.1,80.1,3.5,8.1,10.0,14.2,9.2,7.7,24.7,92.3,0.5,3.1,1.0,0.0,3.4,6.2,89.0,,,,,,,,,,,,,,,,,,,,,,,,,,,,,,,,,2015,868.63
COLUMBIA,38581.0,39696.0,,26667.0,,,,17083.0,,39865.0,3989.0,3066.0,50.3,49.7,49.5,76.9,80.8,4.0,8.9,9.7,13.1,8.9,7.8,25.6,91.8,0.9,2.5,0.8,0.9,3.4,6.4,88.5,,,,,,,,,,,,,,,,,,,,,,,,,,,,,,,,,2016,868.63
COLUMBIA,42083.0,42311.0,,29167.0,,,,,,42311.0,3971.0,3104.0,49.1,50.9,49.9,78.2,81.3,4.4,8.0,10.5,13.0,8.5,8.0,26.6,90.5,1.3,2.0,1.3,0.7,4.5,6.8,87.9,,,,,,,,,,,,,,,,,,,,,,,,,,,,,,,,,2017,868.63
COLUMBIA,46250.0,47050.0,,,,,,,,47450.0,3999.0,3167.0,48.9,51.1,50.0,79.2,81.3,3.4,9.0,11.0,12.9,9.0,7.4,26.9,90.9,1.0,1.8,2.5,0.8,3.4,7.4,86.5,,,,,,,,,,,,,,,,,,,,,,,,,,,,,,,,,2018,868.63
COLUMBIA,51111.0,51250.0,,,,,,,,51306.0,4001.0,3176.0,48.2,51.8,49.4,79.4,80.4,3.7,9.3,11.1,12.3,7.2,8.6,27.3,91.2,1.1,2.0,2.4,0.9,2.4,7.6,86.0,,,,,,,,,,,,,,,,,,,,,,,,,,,,,,,,,2019,868.63
COWLITZ,47596.0,48660.0,33458.0,31354.0,36591.0,18750.0,27578.0,27331.0,27625.0,49001.0,102110.0,74064.0,49.4,50.6,40.5,72.5,76.1,5.8,11.3,12.2,14.2,7.3,6.7,16.3,90.8,1.3,3.5,2.3,0.5,2.1,7.9,85.4,48417.0,49389.0,,23874.0,36825.0,,21150.0,,34155.0,49468.0,101860.0,74809.0,48.7,51.3,40.5,73.4,77.1,5.6,11.4,12.4,13.4,7.4,6.8,17.8,91.4,1.3,3.7,2.8,,1.4,8.2,85.0,2014,1140.12
COWLITZ,46571.0,48234.0,35357.0,28750.0,34063.0,19286.0,27833.0,30875.0,27454.0,48787.0,102072.0,74452.0,49.5,50.5,40.7,72.9,76.5,5.9,11.3,12.0,14.0,7.2,7.1,16.8,90.9,1.5,3.5,2.4,0.5,1.9,8.1,85.1,42223.0,43611.0,,31967.0,29094.0,,35330.0,32257.0,35523.0,44503.0,102133.0,75106.0,49.8,50.2,41.6,73.5,77.5,6.1,10.8,12.0,13.5,7.5,7.0,17.9,90.6,2.1,3.8,2.4,0.4,1.6,8.4,84.6,2015,1140.12
COWLITZ,47452.0,48750.0,31250.0,30784.0,40417.0,,35800.0,39615.0,31954.0,49392.0,102338.0,74901.0,49.3,50.7,41.2,73.2,76.6,5.8,11.3,11.8,13.7,7.1,7.2,17.4,90.7,1.7,3.5,2.3,0.5,1.9,8.3,84.9,49949.0,51716.0,51667.0,30522.0,,,40281.0,48269.0,28533.0,52858.0,103468.0,76922.0,49.1,50.9,42.0,74.3,77.0,5.7,12.5,11.2,13.3,7.0,7.4,18.2,90.1,1.6,3.7,2.3,,2.5,8.6,84.4,2016,1140.12
COWLITZ,49127.0,50557.0,28750.0,27391.0,38594.0,,35964.0,41033.0,30850.0,51251.0,102854.0,75569.0,49.3,50.7,41.7,73.5,76.9,5.7,11.4,11.7,13.4,7.2,7.2,18.0,90.7,1.7,3.6,2.4,0.5,1.7,8.4,84.6,50637.0,51741.0,,,95971.0,,28781.0,41959.0,38374.0,52427.0,105160.0,77793.0,48.5,51.5,42.4,74.0,77.3,5.4,11.2,11.8,13.4,6.9,7.1,19.0,90.4,1.3,3.7,2.3,0.6,2.0,8.8,84.0,2017,1140.12
COWLITZ,49804.0,51217.0,28152.0,30304.0,53371.0,,31176.0,41048.0,32247.0,51910.0,103590.0,76464.0,49.3,50.7,41.4,73.8,77.0,5.6,11.6,11.6,13.4,7.2,7.2,18.2,90.3,1.9,3.6,2.4,0.6,1.6,8.6,84.3,49456.0,49668.0,46100.0,,87660.0,,48874.0,41863.0,33326.0,50941.0,106910.0,79872.0,49.6,50.4,40.2,74.7,77.1,5.5,12.6,11.0,13.7,6.7,7.4,18.4,88.7,3.6,3.3,2.3,2.0,1.0,9.0,83.7,2018,1140.12
COWLITZ,51752.0,52993.0,45775.0,34408.0,55265.0,,38438.0,43342.0,34236.0,54293.0,105112.0,77840.0,49.4,50.6,41.5,74.1,77.1,5.6,11.8,11.6,13.1,7.1,7.3,18.5,89.4,2.0,3.9,2.3,0.7,2.2,8.8,83.8,59225.0,59874.0,67366.0,49603.0,,,50240.0,43295.0,36285.0,60682.0,108987.0,80292.0,49.2,50.8,40.5,73.7,76.7,5.2,12.3,11.4,12.5,6.3,7.6,19.1,87.5,1.7,5.5,2.3,0.6,2.9,9.2,82.9,2019,1140.12
DOUGLAS,51908.0,56939.0,,32356.0,68750.0,,35703.0,54358.0,36673.0,57947.0,38807.0,26924.0,50.1,49.9,36.8,69.4,73.1,5.7,12.3,12.1,13.3,6.6,6.2,14.3,74.3,0.6,2.4,1.3,0.2,21.4,29.0,67.2,,,,,,,,,,,,,,,,,,,,,,,,,,,,,,,,,2014,1819.26
DOUGLAS,53235.0,56911.0,45987.0,28333.0,111083.0,,36509.0,52824.0,37228.0,57983.0,39183.0,27295.0,50.2,49.8,37.0,69.7,73.2,5.8,12.1,11.9,13.2,6.6,6.1,14.9,73.6,1.0,2.2,1.3,0.1,22.1,29.6,66.7,,,,,,,,,,,,,,,,,,,,,,,,,,,,,,,,,2015,1819.26
DOUGLAS,53636.0,57899.0,,66806.0,,,37702.0,54306.0,39799.0,58844.0,39599.0,27680.0,50.2,49.8,37.0,69.9,73.4,5.8,12.0,12.1,12.8,6.9,6.0,15.3,73.3,1.1,2.1,1.6,0.2,21.9,30.0,66.1,,,,,,,,,,,,,,,,,,,,,,,,,,,,,,,,,2016,1819.26
DOUGLAS,53758.0,58421.0,,65096.0,,,38475.0,38017.0,41617.0,59028.0,40101.0,28152.0,50.2,49.8,37.1,70.2,73.5,6.0,12.1,11.8,12.9,6.4,6.3,15.7,72.1,1.2,2.2,1.6,0.5,22.9,30.5,65.3,,,,,,,,,,,,,,,,,,,,,,,,,,,,,,,,,2017,1819.26
DOUGLAS,55805.0,60548.0,,,,,42563.0,38413.0,47260.0,60959.0,40585.0,28352.0,50.2,49.8,37.3,69.9,73.6,6.0,12.0,11.8,12.4,6.4,6.4,16.2,71.2,1.1,2.1,1.6,0.4,24.1,30.9,64.9,,,,,,,,,,,,,,,,,,,,,,,,,,,,,,,,,2018,1819.26
DOUGLAS,60452.0,65137.0,52153.0,54412.0,115595.0,,46230.0,37593.0,50539.0,65493.0,41371.0,29039.0,50.3,49.7,37.1,70.2,73.8,6.0,12.1,11.9,12.2,6.2,6.5,16.6,70.1,1.0,1.9,1.6,0.5,25.4,31.3,64.5,,,,,,,,,,,,,,,,,,,,,,,,,,,,,,,,,2019,1819.26
FERRY,37571.0,39381.0,,23438.0,71250.0,60500.0,,27292.0,73542.0,39245.0,7623.0,5684.0,52.0,48.0,47.0,74.6,80.5,5.2,8.7,9.7,14.3,9.1,10.1,19.4,75.5,1.5,20.7,0.5,0.8,2.3,3.5,74.4,,,,,,,,,,,,,,,,,,,,,,,,,,,,,,,,,2014,2203.16
FERRY,37542.0,39363.0,,22788.0,,60938.0,,33125.0,82734.0,39259.0,7657.0,5794.0,52.3,47.7,47.3,75.7,81.1,4.7,9.4,9.7,14.2,9.4,9.9,20.2,75.9,1.3,21.1,0.3,1.0,1.9,3.7,74.2,,,,,,,,,,,,,,,,,,,,,,,,,,,,,,,,,2015,2203.16
FERRY,38125.0,40235.0,,23125.0,,25000.0,,36250.0,,40075.0,7652.0,5856.0,52.1,47.9,47.7,76.5,81.5,4.9,8.9,9.8,13.6,9.3,10.3,21.0,76.1,1.8,20.4,0.4,0.8,1.8,4.0,74.1,,,,,,,,,,,,,,,,,,,,,,,,,,,,,,,,,2016,2203.16
FERRY,39555.0,42340.0,,24688.0,,27813.0,,,,42137.0,7639.0,5859.0,50.7,49.3,48.2,76.7,81.2,5.4,8.1,10.9,12.7,9.0,10.4,22.0,76.2,1.8,19.8,1.4,0.8,1.6,4.1,73.8,,,,,,,,,,,,,,,,,,,,,,,,,,,,,,,,,2017,2203.16
FERRY,41081.0,42643.0,,29279.0,,28125.0,,24507.0,,42552.0,7568.0,5864.0,51.7,48.3,49.0,77.5,81.7,5.4,7.8,10.9,12.4,8.5,10.8,22.9,76.1,1.0,19.9,1.4,0.8,1.2,4.3,73.6,,,,,,,,,,,,,,,,,,,,,,,,,,,,,,,,,2018,2203.16
FERRY,41924.0,43543.0,,30357.0,,26250.0,,24200.0,,43543.0,7576.0,5966.0,51.3,48.7,49.6,78.7,82.1,4.7,9.1,10.6,12.2,8.6,10.6,24.2,76.0,1.4,20.4,1.6,0.3,1.1,4.6,73.4,,,,,,,,,,,,,,,,,,,,,,,,,,,,,,,,,2019,2203.16
FRANKLIN,55177.0,62507.0,30114.0,50066.0,68750.0,,31105.0,59408.0,38032.0,66107.0,81835.0,50041.0,52.0,48.0,28.7,61.1,66.0,7.1,16.3,13.0,10.7,4.4,4.2,7.5,62.0,2.7,1.6,2.6,0.1,31.4,51.1,43.1,56631.0,64048.0,,,81080.0,,28407.0,,33987.0,71215.0,86638.0,52188.0,51.7,48.3,28.9,60.2,65.3,6.4,15.4,13.7,10.4,5.0,2.7,8.8,75.3,3.3,1.2,2.6,,17.6,51.4,42.0,2014,1242.17
FRANKLIN,56719.0,61914.0,31250.0,38977.0,80476.0,,34375.0,62898.0,39912.0,68007.0,84508.0,52101.0,52.1,47.9,28.9,61.7,66.3,7.0,16.3,13.0,10.8,4.4,4.3,7.6,66.5,2.8,1.4,2.8,0.2,26.9,51.2,42.8,57890.0,58001.0,,,89012.0,,48922.0,96182.0,48982.0,64852.0,87809.0,54991.0,52.7,47.3,29.7,62.6,66.7,7.2,15.5,13.3,11.1,4.5,4.2,7.9,74.6,2.6,1.4,3.1,,18.8,51.9,42.0,2015,1242.17
FRANKLIN,56980.0,61241.0,,,58658.0,,37656.0,53313.0,41444.0,68533.0,86443.0,53482.0,52.1,47.9,29.1,61.9,66.5,7.0,16.2,13.0,10.9,4.6,4.2,7.8,69.8,2.9,1.3,2.7,0.2,23.5,51.5,42.3,59664.0,61466.0,,,49444.0,,45516.0,41132.0,45600.0,76636.0,88807.0,53547.0,51.6,48.4,29.3,60.3,66.5,6.6,15.1,13.6,10.1,5.5,4.1,7.7,79.3,3.2,1.4,2.6,0.4,13.6,52.4,41.4,2016,1242.17
FRANKLIN,58284.0,61646.0,42037.0,,62399.0,,41826.0,54503.0,43998.0,69564.0,87810.0,54305.0,52.1,47.9,29.3,61.8,66.5,6.8,15.9,13.2,10.8,4.8,4.1,8.1,70.2,3.3,1.4,2.9,0.4,22.6,52.0,41.6,57670.0,61959.0,40714.0,17445.0,63105.0,,50555.0,58849.0,48496.0,67185.0,90160.0,54928.0,51.6,48.4,29.3,60.9,66.0,6.2,15.0,13.4,10.6,4.6,4.9,8.0,60.7,3.4,2.3,3.1,1.0,30.8,53.0,40.7,2017,1242.17
FRANKLIN,60275.0,64606.0,50938.0,35707.0,61541.0,220385.0,42338.0,54688.0,46023.0,75372.0,89124.0,55699.0,52.0,48.0,29.9,62.5,66.8,6.7,15.7,13.5,10.9,4.9,4.0,8.4,71.6,3.5,1.8,2.9,0.4,20.5,52.5,41.1,64344.0,78101.0,,40850.0,56959.0,,34640.0,39439.0,47192.0,81739.0,92125.0,59753.0,51.6,48.4,30.5,64.9,68.1,7.7,15.5,13.8,10.9,4.4,4.4,9.2,68.9,2.7,4.5,3.0,1.4,20.1,53.3,40.3,2018,1242.17
FRANKLIN,62002.0,66768.0,55380.0,41667.0,64286.0,,46552.0,56210.0,50675.0,77937.0,90660.0,56797.0,52.0,48.0,30.0,62.6,67.0,6.7,15.6,13.6,10.6,4.7,4.3,8.7,70.6,3.8,2.3,3.2,0.4,20.6,52.8,40.7,60012.0,64753.0,56015.0,,101084.0,,48028.0,56431.0,49152.0,72278.0,94347.0,59248.0,51.8,48.2,30.3,62.8,67.2,6.3,16.0,13.8,10.7,3.4,4.5,9.7,69.6,5.1,3.0,5.3,,17.3,53.5,39.5,2019,1242.17
GARFIELD,51548.0,52436.0,,,,,,31500.0,,52436.0,2249.0,1773.0,50.9,49.1,52.3,78.8,82.1,2.2,7.6,10.2,12.2,11.8,10.4,24.5,95.2,0.9,2.9,1.5,0.0,0.0,3.1,92.9,,,,,,,,,,,,,,,,,,,,,,,,,,,,,,,,,2014,710.69
GARFIELD,50915.0,51463.0,,,,,,31528.0,,51555.0,2240.0,1694.0,49.4,50.6,50.4,75.6,79.6,2.3,5.9,10.8,11.4,10.4,12.0,22.8,95.5,0.7,3.3,0.9,0.0,0.0,5.2,91.6,,,,,,,,,,,,,,,,,,,,,,,,,,,,,,,,,2015,710.69
GARFIELD,45855.0,46912.0,,,,,,36250.0,,47353.0,2230.0,1705.0,49.8,50.2,49.8,76.5,77.8,2.3,7.6,10.6,11.4,11.2,10.2,23.2,97.4,1.1,0.3,1.7,0.0,0.0,3.4,94.1,,,,,,,,,,,,,,,,,,,,,,,,,,,,,,,,,2016,710.69
GARFIELD,51395.0,51512.0,,,,,,,,51715.0,2231.0,1677.0,49.4,50.6,47.7,75.2,75.8,1.3,10.5,9.4,10.8,11.6,9.2,22.5,95.6,0.2,3.0,1.3,0.0,0.0,3.3,92.2,,,,,,,,,,,,,,,,,,,,,,,,,,,,,,,,,2017,710.69
GARFIELD,51399.0,51339.0,,,,,,,,51667.0,2226.0,1655.0,50.2,49.8,46.7,74.3,77.1,1.0,10.2,10.1,11.2,9.3,9.6,23.1,94.2,0.0,3.7,2.2,0.0,0.0,2.4,91.8,,,,,,,,,,,,,,,,,,,,,,,,,,,,,,,,,2018,710.69
GARFIELD,52525.0,52925.0,,,,,,,,53175.0,2224.0,1637.0,49.4,50.6,45.5,73.6,76.2,0.3,12.7,9.8,11.7,7.1,10.3,21.8,91.7,0.9,3.1,4.3,0.4,0.0,2.1,89.6,,,,,,,,,,,,,,,,,,,,,,,,,,,,,,,,,2019,710.69
GRANT,45949.0,50281.0,19304.0,38750.0,37969.0,,32827.0,27058.0,37054.0,51511.0,90202.0,58551.0,50.8,49.2,32.0,64.9,69.4,6.8,13.0,12.1,11.8,5.8,4.7,12.1,70.2,1.8,2.2,1.8,0.4,24.3,38.7,56.9,46728.0,49327.0,,,,,36711.0,,33963.0,53112.0,91878.0,59035.0,50.4,49.6,32.5,64.3,69.5,7.8,11.7,12.6,10.2,5.9,6.1,12.3,71.1,0.9,2.3,1.7,,24.0,39.4,56.2,2014,2679.51
GRANT,46772.0,50210.0,18438.0,40833.0,43173.0,,35932.0,41250.0,39243.0,50885.0,91458.0,59657.0,50.7,49.3,32.1,65.2,69.6,7.0,13.0,12.2,11.6,5.6,5.0,12.2,70.4,1.7,2.3,1.9,0.4,24.1,39.2,56.4,51949.0,52352.0,53604.0,,,,51305.0,44652.0,53321.0,51964.0,93147.0,62203.0,50.4,49.6,32.6,66.8,70.1,8.0,13.1,12.2,11.1,5.1,6.1,12.6,75.7,1.7,2.6,1.7,,18.7,39.9,55.6,2015,2679.51
GRANT,48714.0,51561.0,,40938.0,,,37015.0,33654.0,40238.0,51971.0,92070.0,60226.0,50.5,49.5,32.2,65.4,69.7,7.1,13.0,12.0,11.6,5.5,5.3,12.4,71.2,1.7,2.2,1.7,0.4,23.6,39.7,56.0,51667.0,52183.0,,,,,49732.0,115595.0,49150.0,54874.0,93259.0,61410.0,50.5,49.5,32.0,65.8,69.9,7.4,13.1,11.5,11.4,5.2,5.9,12.7,71.6,2.1,2.1,1.4,0.5,23.4,40.4,55.2,2016,2679.51
GRANT,50145.0,51532.0,45761.0,41250.0,,,42154.0,46761.0,45652.0,51784.0,92530.0,60512.0,50.4,49.6,32.3,65.4,69.8,7.2,13.0,11.9,11.3,5.6,5.4,12.6,70.7,1.7,2.5,1.8,0.2,23.9,40.1,55.5,48335.0,50217.0,45033.0,,,,44770.0,48189.0,45351.0,50697.0,93546.0,60476.0,50.3,49.7,32.9,64.6,70.8,6.2,13.1,11.7,11.0,5.4,5.3,13.5,63.3,,3.5,2.3,,31.2,41.0,54.5,2017,2679.51
GRANT,52382.0,54873.0,48588.0,33092.0,,,44195.0,55720.0,46405.0,57557.0,93420.0,61210.0,50.5,49.5,32.6,65.5,70.0,7.1,13.1,11.8,11.3,5.5,5.5,12.9,69.5,1.7,2.4,1.8,0.3,25.1,40.7,54.9,58644.0,65229.0,43432.0,130457.0,,,41720.0,51121.0,46812.0,63796.0,95158.0,62859.0,50.6,49.4,33.3,66.1,70.3,7.5,13.1,11.7,11.2,5.5,5.0,13.8,65.0,0.5,3.2,1.7,,29.4,41.7,53.8,2018,2679.51
GRANT,54982.0,58044.0,48727.0,41118.0,67125.0,,44498.0,59250.0,49688.0,57847.0,94860.0,62500.0,50.7,49.3,32.7,65.9,70.2,7.1,13.2,11.9,11.1,5.4,5.5,13.2,70.4,1.7,2.6,1.8,0.3,24.1,41.3,54.3,53057.0,60792.0,,23548.0,,,40342.0,80134.0,45690.0,60582.0,97331.0,64887.0,51.2,48.8,33.4,66.7,70.9,6.2,13.6,12.4,10.2,5.1,5.5,14.5,69.3,1.5,3.0,2.0,,25.3,42.1,53.3,2019,2679.51
ISLAND,58455.0,59671.0,43819.0,49180.0,52750.0,37417.0,43913.0,55000.0,52788.0,59892.0,78806.0,60170.0,49.7,50.3,43.7,76.4,79.8,6.8,12.0,10.4,13.4,7.7,7.9,19.4,85.6,3.5,2.4,6.3,1.0,2.2,5.9,82.1,51893.0,53374.0,27387.0,48770.0,50213.0,,,,53718.0,52843.0,78801.0,60482.0,49.4,50.6,44.1,76.8,80.7,7.8,11.1,10.5,12.3,6.8,8.7,21.4,85.6,3.5,1.9,6.2,1.1,2.1,6.7,81.1,2014,208.45
ISLAND,59107.0,60521.0,52713.0,48750.0,50278.0,35521.0,43920.0,49113.0,45096.0,61036.0,78951.0,60566.0,49.8,50.2,43.7,76.7,80.2,6.8,12.2,10.2,12.9,7.8,7.8,20.3,85.2,3.6,2.6,6.4,1.0,2.2,6.3,81.6,59934.0,60334.0,68374.0,,43375.0,,,60112.0,41250.0,61695.0,79275.0,61976.0,50.2,49.8,44.5,78.2,81.1,6.4,12.2,10.9,11.6,7.9,7.2,22.9,84.3,3.7,2.3,7.3,0.7,2.4,7.1,80.3,2015,208.45
ISLAND,58815.0,60077.0,47891.0,58147.0,50933.0,,,57400.0,41924.0,60971.0,79329.0,61188.0,49.8,50.2,44.0,77.1,80.6,7.0,12.4,10.1,12.3,7.6,7.9,21.2,85.0,3.7,2.4,6.6,0.9,2.3,6.6,80.9,60532.0,58989.0,70330.0,84134.0,107574.0,,,91140.0,28251.0,60525.0,80593.0,63302.0,50.5,49.5,45.6,78.5,81.2,6.6,13.2,9.5,11.9,7.2,8.0,23.3,85.2,3.8,2.3,6.9,0.9,2.0,7.3,79.2,2016,208.45
ISLAND,60261.0,60517.0,52361.0,73063.0,59635.0,,35795.0,62452.0,40229.0,61739.0,80113.0,62272.0,49.8,50.2,44.3,77.7,81.0,7.1,12.6,10.0,11.8,7.2,8.0,22.3,85.5,3.7,2.2,6.7,0.9,1.8,6.7,80.7,64813.0,64806.0,64725.0,87560.0,63900.0,,53188.0,69055.0,46099.0,66096.0,82636.0,65459.0,51.5,48.5,45.4,79.2,81.9,6.7,13.7,9.3,11.1,7.2,8.2,23.7,85.7,4.1,2.2,6.9,1.0,1.3,7.4,79.6,2017,208.45
ISLAND,61516.0,61497.0,65116.0,65577.0,60324.0,67174.0,42500.0,63361.0,48192.0,62100.0,80323.0,62919.0,49.8,50.2,44.1,78.3,81.3,7.1,13.1,10.0,11.5,7.2,7.9,22.7,84.9,4.0,2.4,6.8,0.9,1.9,7.1,80.1,59644.0,56671.0,65921.0,56528.0,72734.0,,,49245.0,82846.0,56436.0,83159.0,65912.0,49.3,50.7,43.5,79.3,81.6,7.2,14.4,9.9,10.7,6.2,7.9,24.0,83.7,4.8,3.1,7.3,0.8,1.5,7.9,79.0,2018,208.45
ISLAND,64809.0,64647.0,61331.0,88079.0,72853.0,68833.0,64219.0,63203.0,51845.0,65718.0,81636.0,64452.0,50.0,50.0,44.2,79.0,81.5,7.0,13.6,10.0,11.0,7.0,7.7,23.4,84.7,4.0,2.8,6.9,1.0,1.9,7.5,79.5,64793.0,66764.0,,91264.0,77539.0,,51425.0,66669.0,55169.0,69089.0,84460.0,67690.0,49.9,50.1,44.2,80.1,82.6,6.7,14.5,10.4,10.1,6.4,7.9,24.6,85.0,3.7,4.2,6.7,1.1,2.6,8.1,78.5,2019,208.45
JEFFERSON,46320.0,46656.0,52639.0,39167.0,40824.0,,,29340.0,23295.0,46985.0,29882.0,24826.0,49.5,50.5,54.3,83.1,85.6,3.9,8.1,9.0,14.1,9.9,11.2,27.8,90.1,1.3,4.8,3.0,0.8,0.8,3.0,89.0,,,,,,,,,,,,,,,,,,,,,,,,,,,,,,,,,2014,1803.7
JEFFERSON,47202.0,47675.0,36375.0,39076.0,44390.0,,,24643.0,22708.0,47883.0,29978.0,25034.0,49.7,50.3,55.0,83.5,85.8,4.1,8.3,8.5,13.4,9.7,11.5,28.9,89.8,1.4,4.4,3.5,1.4,0.8,3.2,88.8,,,,,,,,,,,,,,,,,,,,,,,,,,,,,,,,,2015,1803.7
JEFFERSON,49279.0,49657.0,,38690.0,44848.0,,,,32208.0,49980.0,30083.0,25105.0,49.4,50.6,55.6,83.5,86.0,4.0,8.6,8.1,12.2,9.9,11.6,30.1,90.4,1.6,4.3,3.0,0.7,0.9,3.4,88.7,,,,,,,,,,,,,,,,,,,,,,,,,,,,,,,,,2016,1803.7
JEFFERSON,50928.0,51353.0,45714.0,22500.0,,,,47969.0,32011.0,51901.0,30333.0,25517.0,49.0,51.0,56.2,84.1,86.3,3.8,8.5,8.2,11.7,9.5,11.6,31.6,91.0,1.5,4.1,2.7,0.5,0.9,3.4,88.7,,,,,,,,,,,,,,,,,,,,,,,,,,,,,,,,,2017,1803.7
JEFFERSON,51842.0,51792.0,,22917.0,105662.0,,,56121.0,39511.0,52259.0,30524.0,25903.0,49.1,50.9,57.1,84.9,86.9,3.6,8.5,8.2,11.2,9.5,11.7,33.0,91.1,1.0,4.5,2.5,0.4,0.9,3.5,88.7,,,,,,,,,,,,,,,,,,,,,,,,,,,,,,,,,2018,1803.7
JEFFERSON,54471.0,54585.0,,20469.0,59620.0,,,55938.0,51343.0,54737.0,30856.0,26361.0,49.8,50.2,57.9,85.4,87.3,3.3,8.6,8.1,10.7,9.0,12.0,34.2,91.3,1.5,4.0,2.5,0.3,0.8,3.6,88.7,,,,,,,,,,,,,,,,,,,,,,,,,,,,,,,,,2019,1803.7
KING,71811.0,76120.0,39263.0,43604.0,76614.0,53965.0,42342.0,59678.0,48333.0,77791.0,1974567.0,1482712.0,49.9,50.1,37.1,75.1,78.7,6.7,16.4,15.2,14.7,6.6,5.4,11.3,69.5,7.8,2.1,17.4,1.3,3.2,9.0,64.2,71834.0,76560.0,33955.0,42060.0,75555.0,52733.0,47472.0,58239.0,48308.0,78927.0,2044449.0,1540987.0,49.9,50.1,37.2,75.4,78.9,6.5,16.7,15.0,14.2,6.5,5.7,11.9,69.1,8.0,2.3,18.1,1.3,2.6,9.3,63.0,2014,2115.56
KING,73035.0,77435.0,38778.0,40406.0,79072.0,51462.0,42099.0,60014.0,49062.0,79468.0,2008997.0,1512994.0,49.9,50.1,37.2,75.3,78.9,6.6,16.6,15.1,14.5,6.6,5.5,11.6,68.9,7.9,2.2,17.9,1.3,3.2,9.2,63.5,75834.0,80804.0,38838.0,28550.0,83412.0,61326.0,43833.0,66423.0,51314.0,82286.0,2079967.0,1575142.0,50.0,50.0,37.2,75.7,79.0,6.4,17.0,14.9,14.0,6.6,5.7,12.2,67.7,8.0,2.4,18.8,1.2,3.2,9.4,62.3,2015,2115.56
KING,75302.0,80107.0,38696.0,41741.0,82928.0,54836.0,44268.0,63339.0,50430.0,81670.0,2045756.0,1545605.0,49.9,50.1,37.2,75.6,79.0,6.6,16.8,15.0,14.3,6.6,5.6,11.8,68.1,8.0,2.2,18.4,1.3,3.5,9.3,62.8,81916.0,86636.0,42282.0,45657.0,95540.0,79512.0,46619.0,71116.0,54926.0,88438.0,2117125.0,1610397.0,50.0,50.0,37.2,76.1,79.3,6.4,17.3,14.8,13.9,6.6,5.7,12.5,65.9,8.2,2.0,19.4,1.3,4.6,9.5,61.5,2016,2115.56
KING,78800.0,83315.0,40034.0,43725.0,87292.0,53628.0,49542.0,63945.0,53879.0,85099.0,2079550.0,1574952.0,49.9,50.1,37.2,75.7,79.1,6.4,17.0,14.9,14.1,6.6,5.7,12.2,67.2,8.1,2.2,18.9,1.3,3.8,9.3,62.2,86095.0,91530.0,45797.0,43199.0,95862.0,60523.0,60458.0,63926.0,62480.0,92431.0,2149970.0,1635775.0,50.0,50.0,37.1,76.1,79.4,6.2,17.5,14.7,13.8,6.2,6.0,12.7,64.8,8.2,2.1,20.0,1.5,5.2,9.5,60.9,2017,2115.56
KING,83571.0,88638.0,42280.0,45923.0,93971.0,62500.0,52070.0,70046.0,57933.0,90208.0,2118119.0,1609523.0,50.0,50.0,37.2,76.0,79.3,6.3,17.3,14.9,13.9,6.4,5.8,12.5,66.2,8.1,2.2,19.6,1.3,4.1,9.5,61.4,89675.0,95088.0,46730.0,52069.0,101518.0,69782.0,53717.0,80070.0,60987.0,96054.0,2188649.0,1671903.0,50.1,49.9,37.1,76.4,79.6,6.0,17.9,14.9,13.5,6.2,5.9,13.0,63.9,8.2,1.9,20.7,1.3,5.5,9.7,59.8,2018,2115.56
KING,89418.0,94533.0,48075.0,49059.0,102233.0,70361.0,54123.0,76155.0,62784.0,95931.0,2163257.0,1647811.0,50.1,49.9,37.1,76.2,79.4,6.2,17.7,14.9,13.7,6.4,5.8,12.7,64.9,8.2,2.1,20.3,1.3,4.6,9.6,60.4,95009.0,100298.0,55152.0,63558.0,111609.0,76826.0,57592.0,85337.0,66853.0,101247.0,2233163.0,1708025.0,50.2,49.8,36.8,76.5,79.7,6.0,18.4,15.0,13.1,6.3,5.6,13.2,63.1,8.4,2.0,21.7,1.4,5.1,9.8,58.7,2019,2115.56
KITSAP,62413.0,63922.0,41472.0,41842.0,66573.0,49688.0,47846.0,53656.0,49813.0,64353.0,252687.0,186188.0,50.8,49.2,39.3,73.7,78.1,7.8,12.8,11.8,14.8,7.2,7.0,13.9,82.2,4.1,3.4,7.6,1.7,2.4,6.6,78.5,62672.0,64175.0,,22107.0,76608.0,,32146.0,60932.0,45876.0,65118.0,253968.0,190857.0,50.5,49.5,39.0,75.2,78.8,8.4,13.3,11.8,13.8,7.8,6.3,15.1,82.0,4.1,3.2,8.0,1.8,2.1,7.0,77.8,2014,394.94
KITSAP,62473.0,64244.0,41183.0,44417.0,65577.0,53233.0,47800.0,51043.0,53119.0,64621.0,253614.0,187941.0,50.9,49.1,39.3,74.1,78.4,7.9,13.1,11.6,14.3,7.6,6.7,14.6,82.1,4.1,3.4,7.7,1.8,2.3,6.8,78.2,61794.0,63402.0,46152.0,43409.0,65663.0,49646.0,56303.0,43643.0,56546.0,63449.0,254183.0,189073.0,51.2,48.8,39.7,74.4,79.1,8.2,13.3,11.1,13.5,8.0,6.3,16.1,82.2,4.3,3.6,7.7,1.5,2.2,7.2,77.7,2015,394.94
KITSAP,62941.0,64380.0,40053.0,42237.0,67014.0,52500.0,46738.0,54425.0,55778.0,64552.0,255441.0,190672.0,50.9,49.1,39.3,74.6,78.7,8.2,13.4,11.4,13.8,7.7,6.6,15.2,81.8,4.2,3.5,7.8,1.8,2.4,7.1,77.7,66090.0,66209.0,39559.0,62250.0,82687.0,66538.0,47200.0,62319.0,69511.0,65846.0,260131.0,195693.0,51.2,48.8,39.4,75.2,79.3,7.8,13.9,11.1,12.9,7.7,6.3,16.6,81.2,4.6,3.6,7.9,1.9,2.6,7.5,77.0,2016,394.94
KITSAP,65017.0,66140.0,43354.0,52500.0,71375.0,76641.0,50478.0,59147.0,58956.0,66165.0,257488.0,193304.0,50.9,49.1,39.2,75.1,78.9,8.2,13.6,11.3,13.4,7.8,6.5,15.9,81.7,4.3,3.6,7.9,1.7,2.5,7.1,77.7,69171.0,70579.0,35543.0,74191.0,77077.0,108162.0,45964.0,66619.0,60089.0,70669.0,264811.0,201367.0,50.7,49.3,38.5,76.0,79.4,7.9,14.5,11.3,12.8,7.7,6.2,16.8,80.6,4.5,3.8,8.1,1.6,3.3,7.6,77.0,2017,394.94
KITSAP,68336.0,70005.0,40536.0,42250.0,74670.0,67212.0,47256.0,61762.0,61802.0,70127.0,258903.0,195302.0,51.0,49.0,39.1,75.4,79.1,8.1,13.8,11.3,13.1,7.6,6.6,16.4,81.7,4.3,3.4,8.0,1.7,2.5,7.3,77.4,73026.0,75637.0,43582.0,35268.0,68290.0,59850.0,,70508.0,64916.0,76125.0,266414.0,200937.0,51.0,49.0,39.1,75.4,79.3,7.7,14.0,11.5,12.3,6.8,7.3,17.4,81.7,4.5,3.1,8.2,1.7,2.2,7.8,76.6,2018,394.94
KITSAP,71610.0,73690.0,41354.0,52656.0,71611.0,80857.0,54609.0,62788.0,67429.0,73714.0,262475.0,198799.0,51.1,48.9,39.0,75.7,79.3,8.0,14.1,11.4,12.6,7.4,6.7,16.9,81.2,4.4,3.4,8.1,1.6,2.7,7.5,77.0,76945.0,80270.0,37095.0,59699.0,65750.0,74671.0,53608.0,73304.0,70842.0,80050.0,269805.0,206788.0,51.2,48.8,39.2,76.6,79.5,7.9,14.4,11.7,12.2,7.0,6.9,17.7,79.8,4.4,3.3,8.6,1.6,3.4,8.0,76.2,2019,394.94
KITTITAS,42982.0,44671.0,42813.0,71944.0,28938.0,,34063.0,25000.0,30975.0,45330.0,41291.0,29860.0,50.4,49.6,32.7,72.3,81.8,16.9,11.5,10.2,12.1,6.2,5.8,13.3,89.2,1.5,1.9,3.3,0.6,4.3,8.0,85.5,,,,,,,,,,,,,,,,,,,,,,,,,,,,,,,,,2014,2297.27
KITTITAS,45406.0,47057.0,43209.0,60125.0,28712.0,,33821.0,33347.0,31333.0,47544.0,41705.0,30164.0,50.2,49.8,32.7,72.3,81.8,16.8,11.8,10.1,11.7,6.0,6.1,13.6,88.9,1.4,2.0,3.3,0.6,4.3,8.3,85.0,,,,,,,,,,,,,,,,,,,,,,,,,,,,,,,,,2015,2297.27
KITTITAS,46458.0,47942.0,43314.0,,21990.0,,40625.0,,40500.0,48331.0,42204.0,30718.0,50.1,49.9,33.0,72.8,82.0,17.0,11.7,10.2,11.2,6.0,6.2,14.1,89.2,1.5,1.9,3.3,0.6,3.8,8.5,84.6,,,,,,,,,,,,,,,,,,,,,,,,,,,,,,,,,2016,2297.27
KITTITAS,47898.0,48888.0,44010.0,21453.0,37656.0,,42414.0,35481.0,43662.0,49208.0,42785.0,30936.0,50.0,50.0,33.7,72.3,82.2,16.8,11.4,10.3,11.3,6.2,6.1,14.6,89.6,1.5,2.0,3.2,0.8,3.4,8.5,84.6,,,,,,,,,,,,,,,,,,,,,,,,,,,,,,,,,2017,2297.27
KITTITAS,53163.0,53329.0,65222.0,63152.0,53086.0,,53750.0,39489.0,52300.0,53348.0,43726.0,31680.0,50.4,49.6,33.3,72.5,82.3,16.4,11.6,10.0,11.0,6.1,6.3,15.0,89.0,1.6,2.1,3.2,0.6,3.9,8.6,84.4,,,,,,,,,,,,,,,,,,,,,,,,,,,,,,,,,2018,2297.27
KITTITAS,55193.0,55699.0,65308.0,,,,56461.0,39781.0,50720.0,56420.0,44825.0,32001.0,50.3,49.7,33.1,71.4,82.6,16.1,11.7,9.9,10.7,6.0,6.5,15.3,88.6,1.7,2.2,2.6,1.1,4.1,8.7,84.1,,,,,,,,,,,,,,,,,,,,,,,,,,,,,,,,,2019,2297.27
KLICKITAT,41694.0,41760.0,,47600.0,91250.0,,25125.0,46375.0,27278.0,41960.0,20537.0,15527.0,49.7,50.3,44.4,75.6,78.3,4.6,11.3,11.2,13.4,9.7,7.7,18.7,90.8,0.9,3.7,1.5,0.2,3.1,11.2,83.2,,,,,,,,,,,,,,,,,,,,,,,,,,,,,,,,,2014,1871.31
KLICKITAT,46368.0,46354.0,,46630.0,90729.0,,30069.0,49375.0,47875.0,46011.0,20668.0,15597.0,49.7,50.3,44.3,75.5,78.5,4.5,11.1,11.3,12.9,9.1,8.1,19.4,89.9,0.9,3.8,1.6,0.2,3.9,11.6,82.8,,,,,,,,,,,,,,,,,,,,,,,,,,,,,,,,,2015,1871.31
KLICKITAT,48319.0,48435.0,,47438.0,,,63750.0,37159.0,54900.0,47810.0,20820.0,15808.0,49.4,50.6,45.0,75.9,79.0,5.5,10.2,11.7,12.3,8.4,8.9,20.3,90.9,0.8,3.7,1.5,0.3,3.0,12.0,82.3,,,,,,,,,,,,,,,,,,,,,,,,,,,,,,,,,2016,1871.31
KLICKITAT,49633.0,49857.0,,30952.0,,,62750.0,36683.0,49722.0,50144.0,20930.0,15929.0,50.1,49.9,45.5,76.1,79.5,5.6,9.6,12.0,12.1,8.9,8.4,21.0,91.2,0.7,3.6,1.6,0.3,2.8,12.0,82.3,,,,,,,,,,,,,,,,,,,,,,,,,,,,,,,,,2017,1871.31
KLICKITAT,51258.0,51462.0,,30991.0,,,66607.0,36208.0,50781.0,51868.0,21172.0,16288.0,49.9,50.1,45.9,76.9,79.9,5.6,9.7,11.9,12.0,8.5,8.8,21.7,91.2,0.3,4.2,1.5,0.1,2.8,12.1,82.2,,,,,,,,,,,,,,,,,,,,,,,,,,,,,,,,,2018,1871.31
KLICKITAT,54056.0,54905.0,,44583.0,,,80134.0,37422.0,49342.0,55823.0,21396.0,16555.0,50.2,49.8,46.6,77.4,80.3,5.1,9.0,12.5,12.3,7.7,9.2,22.7,91.7,0.3,4.3,1.5,0.1,2.3,12.1,82.2,,,,,,,,,,,,,,,,,,,,,,,,,,,,,,,,,2019,1871.31
LEWIS,42860.0,42941.0,36905.0,34107.0,71250.0,,50280.0,34394.0,38015.0,43498.0,75419.0,55452.0,50.1,49.9,42.2,73.5,77.2,5.8,11.2,11.4,14.1,7.3,7.1,17.8,91.6,1.2,3.2,1.5,0.1,2.8,8.9,85.6,40601.0,40923.0,,,87734.0,,,33477.0,29729.0,41122.0,75081.0,55681.0,49.5,50.5,41.7,74.2,77.9,5.2,12.5,10.8,13.4,7.6,6.7,19.2,91.2,0.5,4.2,1.7,,2.7,9.4,84.9,2014,2402.8
LEWIS,42917.0,43205.0,38661.0,32000.0,70438.0,,44341.0,33290.0,38971.0,43660.0,75382.0,55624.0,50.1,49.9,42.6,73.8,77.5,5.8,11.2,11.3,13.9,7.5,7.0,18.3,91.3,1.3,3.6,1.6,0.1,3.1,9.2,85.2,43575.0,45073.0,37810.0,,,,,36106.0,39116.0,45073.0,75128.0,56002.0,49.9,50.1,43.2,74.5,78.0,5.2,11.2,11.4,13.8,8.3,6.1,19.6,92.7,1.7,3.6,1.9,,,9.7,84.4,2015,2402.8
LEWIS,44100.0,44557.0,38457.0,38958.0,56979.0,,50781.0,28906.0,39520.0,45007.0,75515.0,55927.0,50.0,50.0,42.8,74.1,77.8,5.8,11.2,11.2,13.5,7.5,7.1,18.9,91.7,1.3,3.6,1.7,0.2,2.5,9.5,84.7,48179.0,50085.0,,,36201.0,,42188.0,24437.0,43054.0,50595.0,75882.0,56715.0,49.8,50.2,43.4,74.7,78.0,5.4,12.0,10.4,12.9,7.3,7.1,20.5,92.2,1.4,2.9,1.7,,1.6,10.0,83.7,2016,2402.8
LEWIS,44526.0,44909.0,38872.0,43750.0,68393.0,,48125.0,32922.0,39848.0,45506.0,75724.0,56393.0,49.8,50.2,43.1,74.5,78.0,5.6,11.4,11.2,13.2,7.4,7.2,19.6,91.9,1.4,3.1,1.8,0.4,2.0,9.6,84.5,45523.0,44305.0,,,73587.0,,83806.0,51746.0,41492.0,45453.0,77066.0,58024.0,50.6,49.4,43.7,75.3,78.8,6.0,10.6,11.4,12.4,6.7,7.9,21.4,90.2,1.0,4.0,1.9,,3.1,10.1,83.8,2017,2402.8
LEWIS,46387.0,46729.0,,21813.0,59485.0,,41375.0,40000.0,42762.0,47101.0,76012.0,56773.0,49.8,50.2,42.8,74.7,78.1,5.6,11.4,11.4,12.7,7.6,7.1,19.9,91.3,1.4,3.3,1.8,0.4,2.5,9.8,84.2,49827.0,49513.0,,17957.0,,,,61111.0,57824.0,49994.0,78200.0,58549.0,49.4,50.6,41.8,74.9,78.3,4.9,10.8,13.0,12.0,7.8,6.9,20.7,89.5,1.5,3.9,2.0,0.4,3.0,10.1,83.6,2018,2402.8
LEWIS,50216.0,50401.0,34299.0,49500.0,51250.0,,50547.0,46354.0,45272.0,50732.0,76947.0,57881.0,50.0,50.0,43.1,75.2,78.4,5.5,11.6,11.5,12.3,7.4,7.4,20.4,90.6,1.6,3.4,1.9,0.5,2.7,10.0,83.8,61058.0,60588.0,,129837.0,,,,90344.0,64500.0,60046.0,79604.0,60116.0,50.2,49.8,43.4,75.5,78.6,4.9,12.3,11.3,11.8,6.6,8.4,20.8,89.0,2.2,3.9,1.9,0.9,3.2,10.3,83.1,2019,2402.8
LINCOLN,47195.0,47851.0,,45813.0,,,20833.0,45000.0,47000.0,47281.0,10481.0,7849.0,50.1,49.9,48.0,74.9,77.5,4.0,8.4,9.9,14.6,9.3,7.8,21.5,94.2,0.7,3.0,0.9,0.9,0.7,2.5,92.9,,,,,,,,,,,,,,,,,,,,,,,,,,,,,,,,,2014,2310.49
LINCOLN,47161.0,47141.0,,47109.0,,,,55750.0,65913.0,46493.0,10409.0,7815.0,50.3,49.7,48.1,75.1,77.7,4.1,8.3,10.3,14.0,9.3,7.7,22.1,94.4,0.8,2.8,1.0,0.9,0.5,2.7,92.6,,,,,,,,,,,,,,,,,,,,,,,,,,,,,,,,,2015,2310.49
LINCOLN,46069.0,46188.0,,45987.0,45909.0,,,45625.0,,46012.0,10363.0,7813.0,50.3,49.7,48.3,75.4,78.1,4.2,8.5,10.3,13.2,9.3,7.8,23.0,94.1,0.9,2.9,1.2,0.9,0.6,2.9,92.2,,,,,,,,,,,,,,,,,,,,,,,,,,,,,,,,,2016,2310.49
LINCOLN,47676.0,48543.0,,46295.0,,,,40833.0,,48233.0,10326.0,7836.0,50.8,49.2,48.7,75.9,78.3,4.0,8.4,10.3,12.6,9.6,7.6,23.9,94.3,0.9,3.1,1.3,0.6,0.5,3.0,92.1,,,,,,,,,,,,,,,,,,,,,,,,,,,,,,,,,2017,2310.49
LINCOLN,49460.0,50191.0,15341.0,36875.0,74375.0,58194.0,,35000.0,,49892.0,10344.0,7866.0,50.9,49.1,48.6,76.0,78.5,4.1,8.6,10.5,12.0,9.4,7.4,24.7,94.2,0.9,3.1,1.4,0.5,0.5,3.1,91.9,,,,,,,,,,,,,,,,,,,,,,,,,,,,,,,,,2018,2310.49
LINCOLN,50744.0,52355.0,18352.0,43000.0,76875.0,,,40313.0,,52209.0,10435.0,7946.0,50.9,49.1,48.4,76.1,78.6,4.2,8.7,10.3,11.6,9.2,7.6,25.2,93.9,1.1,3.2,1.4,0.5,0.7,3.3,91.5,,,,,,,,,,,,,,,,,,,,,,,,,,,,,,,,,2019,2310.49
MASON,48755.0,50054.0,16488.0,46360.0,83250.0,115909.0,26178.0,30450.0,26546.0,49992.0,60647.0,46824.0,51.5,48.5,44.7,77.2,80.0,5.8,11.0,11.5,14.5,8.5,7.6,19.0,86.0,2.2,5.9,2.1,0.6,3.7,8.2,82.6,,,,,,,,,,,,,,,,,,,,,,,,,,,,,,,,,2014,959.42
MASON,49538.0,50315.0,27169.0,45966.0,54444.0,118472.0,27235.0,34519.0,32750.0,50153.0,60728.0,46932.0,51.5,48.5,45.2,77.3,80.2,5.7,11.1,11.4,14.2,8.5,7.7,19.7,85.7,2.6,5.8,2.1,0.8,3.5,8.5,82.2,,,,,,,,,,,,,,,,,,,,,,,,,,,,,,,,,2015,959.42
MASON,50406.0,51429.0,,46393.0,62250.0,119097.0,25561.0,37778.0,26328.0,51381.0,60791.0,47115.0,51.8,48.2,45.4,77.5,80.4,5.7,11.1,11.2,13.7,8.5,7.8,20.4,84.9,2.6,6.2,2.2,0.9,4.0,8.7,81.9,,,,,,,,,,,,,,,,,,,,,,,,,,,,,,,,,2016,959.42
MASON,51764.0,52969.0,58542.0,45156.0,60938.0,,25000.0,36467.0,26297.0,53079.0,61060.0,47426.0,51.5,48.5,45.9,77.7,80.5,5.5,11.3,10.9,13.4,8.6,7.9,21.1,84.3,2.8,6.1,2.1,0.8,4.3,9.0,81.7,,,,,,,,,,,,,,,,,,,,,,,,,,,,,,,,,2017,959.42
MASON,53087.0,54497.0,63682.0,44076.0,53194.0,,30378.0,38772.0,29201.0,54919.0,61569.0,47676.0,51.5,48.5,45.9,77.4,80.6,5.4,11.3,10.9,12.8,8.3,8.3,21.7,84.2,2.4,5.9,2.2,1.0,4.9,9.2,81.4,,,,,,,,,,,,,,,,,,,,,,,,,,,,,,,,,2018,959.42
MASON,55726.0,57148.0,60478.0,38750.0,51250.0,67708.0,29396.0,48068.0,28933.0,57440.0,62627.0,48572.0,51.8,48.2,45.6,77.6,80.5,5.3,11.4,11.1,12.2,8.5,8.0,22.1,83.5,2.5,5.9,2.2,1.0,5.4,9.7,80.9,58094.0,59949.0,,25313.0,48510.0,106490.0,26901.0,50175.0,30123.0,60329.0,65507.0,50607.0,51.2,48.8,45.7,77.3,80.9,6.3,10.8,10.5,12.0,9.0,7.2,22.7,80.9,1.9,5.3,2.2,1.2,9.3,10.4,80.0,2019,959.42
OKANOGAN,40368.0,42103.0,24625.0,32052.0,86667.0,19750.0,23494.0,34688.0,31722.0,42966.0,41143.0,30203.0,50.3,49.7,42.2,73.4,76.5,5.3,9.9,11.5,13.6,8.9,7.2,17.7,75.5,0.9,12.9,1.3,0.7,9.3,18.1,67.7,,,,,,,,,,,,,,,,,,,,,,,,,,,,,,,,,2014,5267.97
OKANOGAN,39665.0,42033.0,24063.0,30109.0,85000.0,19265.0,27120.0,39306.0,32805.0,42447.0,41241.0,30291.0,50.4,49.6,42.5,73.4,76.5,5.2,10.6,10.9,13.2,8.8,7.3,18.4,75.3,1.0,13.4,1.3,0.5,9.3,18.5,67.3,,,,,,,,,,,,,,,,,,,,,,,,,,,,,,,,,2015,5267.97
OKANOGAN,40730.0,43239.0,24635.0,31044.0,63333.0,19632.0,30272.0,40278.0,32157.0,43984.0,41332.0,30413.0,50.6,49.4,42.6,73.6,76.6,5.5,10.6,10.8,12.7,8.8,7.3,18.9,75.1,1.4,13.4,1.5,0.4,9.2,18.9,66.7,,,,,,,,,,,,,,,,,,,,,,,,,,,,,,,,,2016,5267.97
OKANOGAN,41158.0,43831.0,36042.0,30595.0,52188.0,19432.0,32875.0,37750.0,34034.0,44511.0,41299.0,30494.0,50.3,49.7,43.0,73.8,76.9,5.5,10.5,10.9,12.3,8.4,7.4,19.9,74.8,1.3,13.4,1.5,0.4,9.5,19.1,66.3,,,,,,,,,,,,,,,,,,,,,,,,,,,,,,,,,2017,5267.97
OKANOGAN,42598.0,44393.0,36111.0,33986.0,55139.0,,31197.0,58351.0,31722.0,45430.0,41377.0,30608.0,50.4,49.6,43.1,74.0,76.7,5.4,10.5,11.0,11.8,8.1,7.7,20.3,73.8,1.6,13.6,1.2,0.2,10.5,19.4,65.8,,,,,,,,,,,,,,,,,,,,,,,,,,,,,,,,,2018,5267.97
OKANOGAN,45808.0,46090.0,,37521.0,65893.0,,45856.0,60095.0,40172.0,46606.0,41638.0,30992.0,50.6,49.4,42.9,74.4,77.0,5.4,10.6,11.2,11.6,7.7,8.0,20.7,73.1,1.5,13.3,1.6,0.6,11.2,19.7,65.4,,,,,,,,,,,,,,,,,,,,,,,,,,,,,,,,,2019,5267.97
PACIFIC,39830.0,41123.0,77798.0,22163.0,30489.0,,20268.0,24688.0,33409.0,41275.0,20781.0,16468.0,50.4,49.6,50.9,79.2,82.3,4.6,8.6,9.2,13.8,8.3,10.4,25.6,88.0,0.8,4.5,2.6,0.3,4.1,8.4,84.0,,,,,,,,,,,,,,,,,,,,,,,,,,,,,,,,,2014,932.66
PACIFIC,39418.0,40224.0,78026.0,26094.0,25000.0,,36042.0,34440.0,38333.0,40270.0,20665.0,16386.0,50.2,49.8,51.2,79.3,82.3,4.8,8.6,9.1,13.2,7.9,10.7,26.3,89.0,0.9,4.5,2.8,0.3,2.9,8.6,83.6,,,,,,,,,,,,,,,,,,,,,,,,,,,,,,,,,2015,932.66
PACIFIC,37684.0,38842.0,,21958.0,23563.0,,23859.0,35417.0,35750.0,38816.0,20645.0,16463.0,50.2,49.8,51.7,79.7,82.4,4.8,8.7,9.5,12.5,8.1,10.5,26.8,89.4,1.0,4.3,3.0,0.5,2.5,8.8,83.2,,,,,,,,,,,,,,,,,,,,,,,,,,,,,,,,,2016,932.66
PACIFIC,38387.0,39499.0,,22143.0,23239.0,,24554.0,35250.0,38485.0,39395.0,20743.0,16600.0,50.0,50.0,52.2,80.0,82.6,5.0,8.5,9.4,12.0,8.0,10.5,27.8,89.3,1.1,4.5,3.2,0.5,2.3,8.9,82.8,,,,,,,,,,,,,,,,,,,,,,,,,,,,,,,,,2017,932.66
PACIFIC,39895.0,41466.0,,26509.0,24844.0,,24327.0,33750.0,43550.0,40990.0,20940.0,16826.0,50.0,50.0,52.7,80.4,82.8,4.6,9.0,9.4,11.7,8.4,9.7,28.7,90.1,1.1,4.4,3.3,0.4,1.5,9.2,82.4,,,,,,,,,,,,,,,,,,,,,,,,,,,,,,,,,2018,932.66
PACIFIC,44846.0,45844.0,,27419.0,30000.0,,41771.0,38523.0,48365.0,45628.0,21281.0,17138.0,50.0,50.0,53.1,80.5,83.0,4.4,8.9,9.6,11.1,8.2,9.9,29.3,88.5,1.2,4.1,3.3,0.9,3.0,9.4,82.2,,,,,,,,,,,,,,,,,,,,,,,,,,,,,,,,,2019,932.66
PIERCE,59204.0,61748.0,43206.0,48042.0,54375.0,60732.0,42379.0,54066.0,45763.0,62457.0,805434.0,573913.0,49.5,50.5,35.8,71.3,75.4,7.4,14.4,13.3,14.5,6.3,5.5,11.5,75.5,9.4,2.9,8.8,2.1,3.0,9.4,69.8,57660.0,60710.0,50754.0,40402.0,49693.0,53111.0,36400.0,53190.0,44402.0,61583.0,819743.0,589096.0,49.7,50.3,35.8,71.9,75.8,7.5,14.8,12.9,13.8,6.6,5.6,12.3,74.8,9.5,3.1,9.1,2.1,3.2,9.9,68.9,2014,1669.51
PIERCE,59711.0,62431.0,47003.0,47904.0,53901.0,62241.0,42203.0,54628.0,45675.0,63272.0,812689.0,581707.0,49.6,50.4,35.8,71.6,75.6,7.4,14.6,13.1,14.2,6.5,5.5,11.9,75.2,9.5,3.0,8.9,2.2,3.1,9.7,69.3,60496.0,63065.0,49618.0,51127.0,52019.0,81466.0,42456.0,56171.0,47213.0,63991.0,831928.0,600947.0,49.7,50.3,35.7,72.2,76.0,7.5,15.0,12.9,13.4,6.9,5.3,12.7,74.4,9.8,3.2,9.1,2.1,3.5,10.2,68.3,2015,1669.51
PIERCE,59953.0,62352.0,47194.0,44592.0,55991.0,58068.0,41328.0,55658.0,45844.0,63306.0,821952.0,590797.0,49.7,50.3,35.8,71.9,75.8,7.5,14.8,12.9,13.8,6.6,5.6,12.2,74.7,9.6,3.0,9.1,2.3,3.2,10.0,68.8,60167.0,62169.0,47755.0,52565.0,62579.0,49048.0,39204.0,53316.0,46709.0,62948.0,843954.0,609266.0,49.8,50.2,36.0,72.2,76.2,7.2,15.0,12.8,13.2,6.7,5.8,13.0,73.3,10.1,3.1,9.4,2.6,3.8,10.5,67.7,2016,1669.51
PIERCE,61468.0,64026.0,50119.0,50604.0,57250.0,58801.0,44344.0,55586.0,47793.0,65010.0,832896.0,600445.0,49.6,50.4,36.0,72.1,76.0,7.3,14.9,12.9,13.6,6.6,5.7,12.7,74.4,9.7,3.1,9.1,2.3,3.3,10.1,68.6,64434.0,68304.0,46544.0,56906.0,60739.0,80482.0,47896.0,49513.0,50129.0,69677.0,861312.0,623372.0,49.6,50.4,36.1,72.4,76.3,7.1,15.1,12.8,13.0,6.5,6.1,13.3,73.1,10.0,3.3,9.6,2.4,3.7,10.6,67.5,2017,1669.51
PIERCE,63881.0,66999.0,51746.0,53250.0,58465.0,67780.0,45961.0,56987.0,51341.0,67963.0,845193.0,611347.0,49.7,50.3,36.0,72.3,76.2,7.2,15.1,12.9,13.3,6.7,5.7,12.9,73.8,9.9,3.2,9.3,2.3,3.5,10.4,68.0,69278.0,72399.0,45540.0,65000.0,59063.0,81733.0,49346.0,67604.0,59085.0,72874.0,876764.0,637270.0,49.8,50.2,36.1,72.7,76.4,6.8,15.6,12.9,12.8,6.5,6.1,13.4,73.4,10.0,3.1,9.6,2.5,3.5,10.9,66.7,2018,1669.51
PIERCE,67868.0,71331.0,52882.0,58073.0,62179.0,68605.0,49346.0,62069.0,54651.0,72205.0,859840.0,623743.0,49.7,50.3,36.1,72.5,76.3,7.0,15.3,12.9,13.0,6.6,5.8,13.2,73.4,10.1,3.2,9.6,2.4,3.5,10.6,67.3,75407.0,78917.0,59218.0,73076.0,59358.0,72888.0,50781.0,76836.0,61418.0,80320.0,891299.0,650636.0,49.8,50.2,36.4,73.0,76.5,6.6,15.6,13.4,12.4,6.4,6.0,13.8,73.2,10.2,3.2,10.2,2.7,2.9,11.1,66.1,2019,1669.51
SKAGIT,55925.0,57110.0,51307.0,49917.0,47589.0,43750.0,38393.0,45855.0,38813.0,59112.0,117641.0,85950.0,49.6,50.4,40.4,73.1,76.7,5.9,12.1,11.7,13.7,7.1,7.0,16.8,87.7,1.3,3.2,2.7,0.7,5.3,17.1,76.3,52448.0,53554.0,,52909.0,102269.0,45375.0,35128.0,39445.0,40861.0,54953.0,118837.0,88389.0,49.5,50.5,40.7,74.4,77.4,6.4,12.6,11.2,12.7,6.5,7.6,18.3,86.4,1.7,3.2,3.0,1.1,6.0,17.6,75.7,2014,1731.2
SKAGIT,54917.0,56263.0,50887.0,44946.0,49727.0,72292.0,38589.0,47083.0,38937.0,58223.0,118364.0,86723.0,49.6,50.4,40.6,73.3,77.0,5.9,12.2,11.5,13.3,7.1,7.1,17.4,86.8,1.3,2.9,2.9,1.1,5.9,17.4,76.0,50558.0,51310.0,34478.0,38832.0,55429.0,99741.0,40787.0,68627.0,41423.0,52430.0,120365.0,87729.0,49.8,50.2,40.8,72.9,77.4,5.8,11.9,11.7,12.0,7.1,6.8,19.0,82.9,1.1,2.3,3.0,1.2,9.7,17.8,75.4,2015,1731.2
SKAGIT,54129.0,56057.0,51861.0,39803.0,46250.0,,36420.0,42306.0,37865.0,57726.0,119343.0,87796.0,49.5,50.5,41.0,73.6,77.3,6.0,12.1,11.5,12.9,7.2,7.1,18.0,85.6,1.3,2.9,2.9,1.1,7.0,17.5,75.7,57122.0,60581.0,,37689.0,44981.0,,36790.0,32738.0,37971.0,61220.0,121846.0,90529.0,49.6,50.4,41.5,74.3,77.7,6.4,12.3,11.2,12.3,7.4,6.9,19.4,82.3,1.3,3.0,2.8,0.5,10.4,17.9,75.1,2016,1731.2
SKAGIT,56433.0,58380.0,,41818.0,49485.0,,41149.0,42656.0,42349.0,59435.0,120475.0,89152.0,49.4,50.6,41.3,74.0,77.5,6.0,12.2,11.3,12.6,7.3,7.1,18.8,84.6,1.4,3.3,3.1,0.8,7.7,17.7,75.5,60983.0,61734.0,,,,,60829.0,65167.0,60588.0,61910.0,123681.0,91535.0,49.8,50.2,42.0,74.0,78.0,5.9,11.4,11.8,11.9,7.5,7.3,19.5,82.5,1.5,3.3,3.1,0.6,9.7,18.0,74.9,2017,1731.2
SKAGIT,59263.0,61116.0,27170.0,47813.0,55188.0,,42023.0,43375.0,48006.0,61691.0,121725.0,90354.0,49.5,50.5,41.4,74.2,77.7,6.0,12.2,11.5,12.3,7.3,7.1,19.1,83.2,1.4,3.2,3.2,1.0,9.0,18.0,75.1,66066.0,67087.0,,49334.0,,43341.0,58235.0,78645.0,59513.0,67587.0,125619.0,93242.0,49.2,50.8,41.9,74.2,77.8,5.6,12.1,11.5,12.0,7.2,6.8,20.5,81.1,1.6,3.2,3.2,0.9,11.0,18.3,74.3,2018,1731.2
SKAGIT,62865.0,64028.0,27346.0,51250.0,67500.0,,52336.0,59922.0,54326.0,64313.0,123907.0,92224.0,49.5,50.5,41.5,74.4,77.8,5.9,12.3,11.6,11.9,7.2,7.0,19.7,82.1,1.4,3.5,3.1,0.6,10.0,18.3,74.6,73206.0,72100.0,,76764.0,90409.0,,61532.0,85579.0,70801.0,72152.0,128206.0,96808.0,49.2,50.8,41.4,75.5,78.2,4.8,13.3,12.4,11.1,6.7,7.2,20.8,79.7,1.4,3.6,3.5,0.2,11.8,18.7,73.7,2019,1731.2
SKAMANIA,53712.0,53086.0,,69792.0,77500.0,,105833.0,21875.0,60313.0,53105.0,11126.0,8345.0,51.0,49.0,44.9,75.0,78.4,4.7,9.4,11.9,17.3,9.1,8.5,15.0,93.0,0.9,2.8,1.4,0.4,1.6,5.4,89.0,,,,,,,,,,,,,,,,,,,,,,,,,,,,,,,,,2014,1655.68
SKAMANIA,50986.0,50841.0,68068.0,71181.0,73958.0,,32083.0,42875.0,51000.0,50777.0,11194.0,8458.0,50.8,49.2,45.0,75.6,78.6,4.9,9.5,11.8,16.5,9.2,8.7,15.7,93.7,1.0,3.0,1.4,0.3,0.7,5.5,88.6,,,,,,,,,,,,,,,,,,,,,,,,,,,,,,,,,2015,1655.68
SKAMANIA,52374.0,53480.0,,53750.0,52917.0,,31719.0,,51944.0,53277.0,11243.0,8514.0,50.4,49.6,45.2,75.7,78.9,4.9,9.3,11.8,16.0,8.9,9.2,16.4,93.4,1.1,2.9,1.5,0.4,0.9,5.7,88.3,,,,,,,,,,,,,,,,,,,,,,,,,,,,,,,,,2016,1655.68
SKAMANIA,53082.0,53910.0,,41111.0,53750.0,,,,57083.0,53462.0,11316.0,8621.0,50.5,49.5,45.4,76.2,78.9,4.7,9.6,11.7,15.6,9.2,9.0,17.1,93.2,1.1,3.2,1.4,0.2,1.1,5.9,88.3,,,,,,,,,,,,,,,,,,,,,,,,,,,,,,,,,2017,1655.68
SKAMANIA,53606.0,54298.0,,70213.0,39103.0,,34327.0,32841.0,59861.0,53805.0,11498.0,8906.0,50.7,49.3,46.0,77.5,80.1,4.7,9.6,11.9,14.6,9.0,9.7,18.5,92.9,1.0,3.1,1.5,0.4,1.4,6.0,88.2,,,,,,,,,,,,,,,,,,,,,,,,,,,,,,,,,2018,1655.68
SKAMANIA,58598.0,59392.0,,69167.0,,,34191.0,36719.0,58229.0,58952.0,11620.0,9083.0,50.4,49.6,46.3,78.2,80.7,5.0,9.6,12.1,14.3,9.0,9.7,19.2,92.9,1.0,3.0,1.6,0.4,1.3,6.2,87.9,,,,,,,,,,,,,,,,,,,,,,,,,,,,,,,,,2019,1655.68
SNOHOMISH,68381.0,68951.0,55830.0,59980.0,76009.0,63670.0,44056.0,64730.0,50294.0,69985.0,724627.0,523559.0,50.1,49.9,37.3,72.3,76.0,6.4,14.0,14.4,15.7,6.7,5.6,10.8,79.9,3.8,2.7,11.1,0.9,2.5,9.2,73.7,67394.0,67624.0,55803.0,59491.0,75789.0,,42190.0,63181.0,53876.0,68643.0,745913.0,544508.0,50.1,49.9,37.5,73.0,76.6,6.4,14.1,14.1,15.2,7.1,5.8,11.7,79.3,4.2,3.0,11.7,1.0,2.2,9.5,72.7,2014,2087.27
SNOHOMISH,69443.0,69936.0,55958.0,60388.0,78426.0,60895.0,47620.0,65946.0,52215.0,70880.0,735351.0,534436.0,50.1,49.9,37.5,72.7,76.3,6.4,14.1,14.2,15.4,6.8,5.8,11.2,79.4,4.0,2.7,11.5,1.0,2.5,9.4,73.1,71984.0,72276.0,55601.0,50238.0,78573.0,37194.0,61097.0,80297.0,54824.0,73597.0,759583.0,557583.0,50.2,49.8,37.5,73.4,76.8,6.6,14.3,13.8,14.8,6.9,6.2,12.0,78.7,4.2,2.6,12.0,0.9,2.5,9.7,71.9,2015,2087.27
SNOHOMISH,70722.0,71401.0,55127.0,55880.0,80146.0,57429.0,48835.0,67426.0,53037.0,72338.0,746653.0,545687.0,50.2,49.8,37.6,73.1,76.6,6.5,14.2,14.0,15.2,6.8,6.0,11.7,78.8,4.1,2.7,11.8,1.0,2.7,9.5,72.5,76251.0,76552.0,60486.0,41053.0,88569.0,,50495.0,80346.0,50429.0,78163.0,772501.0,569491.0,50.2,49.8,37.8,73.7,77.1,6.5,14.4,13.6,14.7,7.0,6.3,12.4,77.5,4.3,2.8,12.4,1.3,3.4,9.9,71.3,2016,2087.27
SNOHOMISH,73528.0,74013.0,60167.0,59306.0,85803.0,61797.0,55375.0,71068.0,55375.0,75283.0,758649.0,556520.0,50.1,49.9,37.8,73.4,76.8,6.4,14.2,13.9,15.0,7.0,6.1,12.1,78.0,4.2,2.8,12.1,1.1,3.1,9.6,72.0,78716.0,79495.0,59337.0,56462.0,98079.0,57965.0,61851.0,70094.0,60701.0,80288.0,787620.0,581468.0,50.1,49.9,38.0,73.8,77.2,6.1,14.5,13.8,14.4,7.3,6.1,12.9,75.9,4.4,2.6,12.9,1.1,4.1,9.9,70.6,2017,2087.27
SNOHOMISH,78020.0,78809.0,62093.0,59002.0,88622.0,58456.0,57159.0,75216.0,59138.0,79793.0,771904.0,568507.0,50.1,49.9,37.8,73.6,77.0,6.2,14.5,13.9,14.7,7.1,6.2,12.3,77.2,4.5,2.8,12.5,1.1,3.4,9.8,71.2,82595.0,83937.0,73881.0,66944.0,89466.0,64194.0,60744.0,80269.0,68952.0,83981.0,801633.0,594472.0,50.2,49.8,38.1,74.2,77.3,6.0,14.6,14.1,14.1,6.8,6.7,13.0,75.4,4.9,2.8,13.4,1.3,4.0,10.2,69.5,2018,2087.27
SNOHOMISH,82751.0,83676.0,63791.0,57754.0,94004.0,62049.0,63143.0,77828.0,63412.0,84715.0,786620.0,580740.0,50.2,49.8,37.8,73.8,77.1,6.0,14.7,13.9,14.3,7.1,6.3,12.7,76.3,4.6,2.7,12.9,1.1,3.6,10.0,70.3,87440.0,87720.0,69796.0,57325.0,101661.0,56712.0,84272.0,67056.0,81239.0,88847.0,814901.0,605497.0,50.1,49.9,37.8,74.3,77.4,5.7,14.8,14.3,13.6,7.0,6.4,13.5,74.7,5.0,2.7,13.9,1.0,3.8,10.4,68.5,2019,2087.27
SPOKANE,49233.0,50571.0,30930.0,32015.0,39658.0,23321.0,31654.0,37145.0,40408.0,50742.0,473832.0,342152.0,49.5,50.5,36.9,72.2,77.0,8.1,13.6,12.1,13.9,6.8,6.0,13.4,89.3,3.0,3.0,3.4,0.7,1.4,4.7,86.4,47576.0,48905.0,26948.0,27220.0,39283.0,16010.0,,29706.0,41539.0,49113.0,479398.0,349801.0,49.5,50.5,37.2,73.0,77.4,7.9,14.1,12.1,13.2,6.7,6.5,14.2,89.6,3.2,3.1,3.4,0.8,0.9,5.0,86.0,2014,1763.79
SPOKANE,50432.0,51628.0,33447.0,29055.0,41705.0,16550.0,31797.0,35398.0,42703.0,51785.0,476950.0,346649.0,49.5,50.5,37.1,72.7,77.2,8.0,13.8,12.0,13.6,6.8,6.2,13.8,89.2,3.1,3.0,3.5,0.7,1.3,4.9,86.1,50249.0,51418.0,30701.0,27047.0,49873.0,11995.0,48500.0,32106.0,52018.0,51363.0,484318.0,354442.0,49.5,50.5,37.2,73.2,77.5,7.9,14.2,11.9,12.8,7.1,5.8,14.9,89.1,3.3,3.1,3.6,0.9,1.1,5.2,85.5,2015,1763.79
SPOKANE,50079.0,51281.0,30725.0,27581.0,41528.0,16488.0,32727.0,36590.0,42766.0,51430.0,480832.0,350887.0,49.5,50.5,37.2,73.0,77.4,7.9,14.1,11.9,13.3,6.8,6.3,14.2,89.0,3.1,3.1,3.5,0.8,1.3,5.1,85.7,48525.0,49510.0,28444.0,45393.0,40469.0,,,44454.0,43920.0,49530.0,490945.0,359949.0,49.7,50.3,37.1,73.3,77.6,7.4,15.0,11.6,12.7,6.5,6.5,15.4,88.7,3.1,3.1,3.7,1.0,1.5,5.4,85.0,2016,1763.79
SPOKANE,50550.0,51616.0,30346.0,31250.0,43965.0,21797.0,34769.0,40385.0,46272.0,51648.0,485859.0,355753.0,49.5,50.5,37.3,73.2,77.5,7.7,14.3,11.9,13.0,6.8,6.4,14.7,88.8,3.1,3.0,3.5,0.8,1.5,5.2,85.6,53043.0,53819.0,34545.0,47692.0,46778.0,31829.0,46260.0,50536.0,51650.0,53818.0,499072.0,366459.0,49.7,50.3,37.3,73.4,77.8,7.0,14.6,12.0,12.4,6.7,6.7,15.4,87.6,3.3,3.2,3.5,0.7,2.2,5.5,85.0,2017,1763.79
SPOKANE,52159.0,53351.0,30866.0,37568.0,45463.0,30435.0,41741.0,42476.0,47357.0,53394.0,490764.0,359945.0,49.6,50.4,37.4,73.3,77.6,7.4,14.5,12.0,12.8,6.9,6.4,15.0,88.6,3.2,3.2,3.6,0.9,1.5,5.4,85.3,53360.0,53762.0,53699.0,39072.0,65278.0,51753.0,,46787.0,46726.0,53909.0,506152.0,370427.0,49.5,50.5,37.6,73.2,77.8,7.0,14.4,12.2,12.4,6.8,6.5,15.7,88.0,3.3,3.5,3.8,1.2,1.8,5.7,84.5,2018,1763.79
SPOKANE,54852.0,56064.0,31770.0,35602.0,52040.0,41944.0,44972.0,47718.0,50708.0,56107.0,497875.0,365865.0,49.6,50.4,37.5,73.5,77.7,7.1,14.7,12.1,12.5,6.9,6.3,15.4,88.1,3.2,3.1,3.7,1.0,1.8,5.6,84.9,59783.0,60768.0,28494.0,24531.0,63704.0,34823.0,60030.0,52874.0,48801.0,60988.0,514631.0,379195.0,49.3,50.7,37.8,73.7,77.8,6.5,15.0,12.6,11.7,7.1,5.9,16.2,87.1,3.4,2.9,3.9,1.0,2.5,5.9,84.2,2019,1763.79
STEVENS,41742.0,42297.0,35473.0,30875.0,142717.0,,32000.0,38558.0,42614.0,42231.0,43513.0,31910.0,50.4,49.6,45.4,73.3,76.6,4.0,8.7,10.9,15.3,8.4,8.9,18.1,90.0,0.8,7.4,1.2,0.3,0.6,2.9,87.8,,,,,,,,,,,,,,,,,,,,,,,,,,,,,,,,,2014,2477.76
STEVENS,42111.0,43135.0,13846.0,29688.0,42000.0,,23843.0,39750.0,30978.0,43223.0,43541.0,32038.0,50.2,49.8,45.7,73.6,77.0,4.2,8.7,10.6,14.7,8.5,9.0,18.9,89.6,0.9,7.5,1.3,0.3,0.7,3.1,87.4,,,,,,,,,,,,,,,,,,,,,,,,,,,,,,,,,2015,2477.76
STEVENS,41978.0,43203.0,,28681.0,22115.0,,23720.0,40564.0,24444.0,43375.0,43548.0,32173.0,50.3,49.7,46.2,73.9,77.4,4.3,8.5,10.4,14.3,8.8,8.9,19.7,89.2,0.9,7.6,1.4,0.3,1.0,3.2,87.2,,,,,,,,,,,,,,,,,,,,,,,,,,,,,,,,,2016,2477.76
STEVENS,44115.0,45627.0,,29796.0,,,23827.0,40123.0,24250.0,45903.0,43744.0,32519.0,50.1,49.9,46.4,74.3,77.7,4.6,8.4,10.3,13.8,8.5,9.1,20.6,88.9,0.9,7.6,1.5,0.3,1.3,3.4,87.1,,,,,,,,,,,,,,,,,,,,,,,,,,,,,,,,,2017,2477.76
STEVENS,47272.0,49466.0,,30313.0,,,23662.0,37204.0,27500.0,49839.0,43858.0,32740.0,49.8,50.2,46.4,74.7,77.9,4.8,8.7,10.1,13.3,8.9,8.9,21.2,88.9,0.9,7.7,1.6,0.3,1.1,3.5,86.9,,,,,,,,,,,,,,,,,,,,,,,,,,,,,,,,,2018,2477.76
STEVENS,49200.0,50802.0,,30089.0,,,23734.0,39063.0,24366.0,51033.0,44214.0,33108.0,49.6,50.4,46.6,74.9,78.1,4.9,8.9,9.9,12.9,8.9,8.8,21.9,88.8,1.0,7.6,1.5,0.5,1.1,3.6,86.7,,,,,,,,,,,,,,,,,,,,,,,,,,,,,,,,,2019,2477.76
THURSTON,62229.0,62564.0,64828.0,60792.0,63672.0,78177.0,68438.0,43890.0,57543.0,62888.0,256080.0,187937.0,48.8,51.2,38.2,73.4,77.3,6.8,13.6,13.1,14.1,7.0,6.7,13.5,83.3,4.2,3.0,7.3,1.3,1.9,7.5,78.1,59785.0,60861.0,60700.0,51406.0,62065.0,,64808.0,28895.0,45293.0,61368.0,262388.0,194355.0,48.7,51.3,38.3,74.1,77.7,7.2,13.8,13.1,13.1,7.0,6.8,14.6,82.2,4.7,3.1,8.4,0.5,2.0,8.1,76.7,2014,721.96
THURSTON,62286.0,62936.0,64605.0,45000.0,65087.0,91250.0,59563.0,47273.0,56270.0,63282.0,259330.0,191205.0,49.0,51.0,38.4,73.7,77.5,6.8,13.9,13.0,13.7,6.9,6.8,14.0,82.8,4.5,3.1,7.5,1.4,1.9,7.8,77.5,61609.0,61472.0,67712.0,15905.0,70778.0,,85771.0,63187.0,68101.0,61182.0,265851.0,197913.0,48.9,51.1,39.0,74.4,77.9,6.3,14.6,13.1,13.0,6.8,6.9,15.2,81.8,5.1,3.4,7.9,1.4,1.6,8.4,76.1,2015,721.96
THURSTON,61677.0,61946.0,65460.0,43558.0,69018.0,64489.0,65938.0,51460.0,54667.0,62237.0,262723.0,194437.0,49.0,51.0,38.5,74.0,77.8,6.8,13.9,13.0,13.4,6.9,6.9,14.6,82.6,4.6,3.2,7.7,1.4,1.7,8.1,76.8,62137.0,61673.0,75549.0,23554.0,87260.0,52131.0,54500.0,68877.0,53580.0,61697.0,269536.0,200459.0,49.3,50.7,39.1,74.4,78.3,6.5,13.8,12.8,13.3,7.1,6.6,15.8,82.1,5.1,3.3,8.1,1.8,1.6,8.6,75.5,2016,721.96
THURSTON,62854.0,63704.0,63536.0,42872.0,71364.0,46977.0,57023.0,50595.0,55645.0,64000.0,266311.0,197930.0,49.0,51.0,38.8,74.3,77.9,6.5,14.1,13.0,13.1,7.0,6.7,15.2,82.5,4.8,3.2,7.8,1.4,1.5,8.2,76.4,65783.0,68149.0,59426.0,71905.0,56150.0,34258.0,50820.0,47532.0,60719.0,68811.0,275222.0,205877.0,49.1,50.9,39.5,74.8,78.3,5.6,15.0,12.4,13.2,7.2,6.4,16.4,82.1,4.9,3.0,8.2,1.4,1.5,8.6,75.5,2017,721.96
THURSTON,66113.0,67149.0,67508.0,42950.0,71096.0,45346.0,53472.0,53610.0,56758.0,67575.0,269885.0,200871.0,48.9,51.1,38.9,74.4,78.1,6.3,14.3,13.1,12.9,7.0,6.6,15.7,82.1,4.9,3.2,8.1,1.5,1.6,8.5,75.8,71765.0,72965.0,,60375.0,85413.0,,,57624.0,51410.0,73530.0,280588.0,209668.0,48.5,51.5,39.4,74.7,78.2,6.1,14.0,13.4,12.4,6.8,6.2,17.0,81.1,5.1,3.2,8.5,1.8,2.1,9.0,74.7,2018,721.96
THURSTON,69592.0,70458.0,73044.0,42500.0,68750.0,49318.0,53750.0,60200.0,55470.0,71029.0,274684.0,204976.0,48.9,51.1,39.0,74.6,78.2,6.2,14.4,13.2,12.6,6.8,6.6,16.2,81.7,5.1,3.1,8.2,1.5,1.8,8.7,75.4,72703.0,74252.0,83517.0,70198.0,63460.0,67066.0,65621.0,70034.0,51937.0,75232.0,286419.0,215347.0,48.8,51.2,38.8,75.2,78.6,5.7,15.3,12.9,12.2,6.4,6.8,17.2,80.6,5.2,2.8,8.7,1.4,2.3,9.2,74.4,2019,721.96
WAHKIAKUM,41815.0,41717.0,,42000.0,,,,53125.0,,42008.0,4006.0,3097.0,48.3,51.7,50.3,77.3,81.3,3.2,8.6,9.1,14.8,7.5,8.8,26.3,94.9,0.2,3.8,1.9,0.0,0.0,3.8,91.8,,,,,,,,,,,,,,,,,,,,,,,,,,,,,,,,,2014,263.38
WAHKIAKUM,44500.0,44225.0,,120278.0,,,,24583.0,9500.0,45057.0,4016.0,3197.0,48.7,51.3,52.3,79.6,83.3,4.4,8.8,8.5,14.6,6.9,8.9,28.3,94.0,0.3,4.6,1.9,0.0,0.3,2.8,91.6,,,,,,,,,,,,,,,,,,,,,,,,,,,,,,,,,2015,263.38
WAHKIAKUM,44485.0,43897.0,,120500.0,,,,,,45476.0,4035.0,3232.0,48.4,51.6,52.1,80.1,84.1,5.2,8.2,8.5,14.5,7.7,8.1,29.0,93.0,0.4,4.9,3.0,0.0,0.6,4.3,89.3,,,,,,,,,,,,,,,,,,,,,,,,,,,,,,,,,2016,263.38
WAHKIAKUM,48116.0,48024.0,,122750.0,,,,23558.0,,48690.0,4051.0,3248.0,48.8,51.2,53.1,80.2,83.7,5.3,6.3,8.8,14.0,6.2,9.1,31.3,92.8,0.2,3.4,2.1,0.0,1.4,4.6,89.7,,,,,,,,,,,,,,,,,,,,,,,,,,,,,,,,,2017,263.38
WAHKIAKUM,49508.0,49904.0,,125652.0,,,,23824.0,21458.0,50239.0,4105.0,3338.0,48.4,51.6,53.3,81.3,82.9,5.7,6.8,8.6,12.7,6.4,9.5,31.8,92.8,0.3,3.1,2.0,0.0,1.9,5.8,88.5,,,,,,,,,,,,,,,,,,,,,,,,,,,,,,,,,2018,263.38
WAHKIAKUM,54085.0,54261.0,,,,,,24615.0,36538.0,54982.0,4189.0,3402.0,47.7,52.3,54.3,81.2,83.3,5.3,4.7,9.7,12.3,6.6,9.7,33.2,92.1,1.3,2.0,1.7,0.0,3.1,6.3,87.2,,,,,,,,,,,,,,,,,,,,,,,,,,,,,,,,,2019,263.38
WHATCOM,51939.0,53055.0,14250.0,35828.0,47043.0,86875.0,37031.0,46719.0,37426.0,53506.0,203211.0,148755.0,49.6,50.4,36.5,73.2,79.3,10.8,12.9,11.8,13.1,6.7,6.3,13.9,86.5,1.7,3.9,5.3,0.5,2.6,8.2,81.3,50186.0,51956.0,,37378.0,58681.0,,47802.0,,33739.0,53295.0,206353.0,151947.0,49.3,50.7,36.2,73.6,79.6,11.8,12.6,11.0,12.7,6.9,6.2,14.7,85.6,2.1,4.1,5.7,0.4,2.4,8.6,80.4,2014,2106.86
WHATCOM,53025.0,54596.0,23500.0,34808.0,55263.0,63947.0,35000.0,35217.0,39958.0,54937.0,204855.0,150320.0,49.5,50.5,36.5,73.4,79.5,11.1,12.8,11.7,12.8,6.6,6.5,14.3,86.2,1.8,4.1,5.5,0.5,2.5,8.4,80.8,53665.0,54890.0,,48279.0,63417.0,,31274.0,34167.0,37671.0,55053.0,208351.0,151760.0,49.0,51.0,36.7,72.8,79.5,11.6,12.4,11.3,12.3,6.4,6.7,15.3,85.2,1.9,4.3,5.9,0.5,3.2,8.9,79.8,2015,2106.86
WHATCOM,53145.0,54744.0,24464.0,31655.0,58662.0,31403.0,45917.0,32379.0,40514.0,55198.0,207100.0,152736.0,49.6,50.4,36.5,73.7,79.7,11.1,12.9,11.6,12.5,6.5,6.6,14.8,85.5,1.9,4.2,5.6,0.5,2.9,8.7,80.3,55016.0,57472.0,,19071.0,73942.0,27105.0,41726.0,30922.0,41459.0,58194.0,212284.0,156669.0,49.2,50.8,36.3,73.8,80.2,10.7,13.5,11.7,11.7,6.4,6.4,15.9,83.6,2.2,4.1,5.9,0.8,4.2,9.2,79.3,2016,2106.86
WHATCOM,54207.0,55602.0,25104.0,35706.0,60168.0,31250.0,42107.0,32721.0,40330.0,56127.0,209729.0,154847.0,49.5,50.5,36.8,73.8,79.9,11.2,12.8,11.6,12.3,6.4,6.5,15.5,84.6,1.8,4.3,5.7,0.6,3.6,8.8,80.1,56411.0,57770.0,,32460.0,68764.0,,66130.0,28281.0,41134.0,58368.0,216800.0,160002.0,49.5,50.5,37.0,73.8,80.3,11.0,13.1,11.4,12.1,6.3,6.5,16.4,82.3,1.8,4.4,5.9,0.7,5.4,9.2,79.4,2017,2106.86
WHATCOM,56419.0,58342.0,20380.0,34208.0,67265.0,25333.0,43680.0,33202.0,40998.0,58984.0,212738.0,157338.0,49.5,50.5,36.9,74.0,80.1,11.1,13.0,11.7,12.1,6.5,6.3,15.9,84.2,1.9,4.3,5.9,0.7,3.7,9.0,79.8,61186.0,62184.0,,31052.0,66529.0,,93150.0,46771.0,51955.0,62449.0,221404.0,164204.0,49.4,50.6,37.5,74.2,80.5,10.0,13.2,11.9,12.0,6.7,5.7,17.0,84.0,2.1,4.4,6.4,0.8,3.2,9.4,79.1,2018,2106.86
WHATCOM,59285.0,60996.0,,35625.0,62756.0,27065.0,39846.0,45571.0,38253.0,61654.0,216812.0,160674.0,49.5,50.5,37.0,74.1,80.2,10.9,13.2,11.7,11.9,6.4,6.3,16.4,83.9,2.0,4.3,6.1,0.7,3.8,9.2,79.3,62268.0,64839.0,,40234.0,41140.0,,33526.0,65867.0,33280.0,65563.0,225685.0,167058.0,49.4,50.6,37.2,74.0,80.5,10.2,13.3,11.9,11.0,6.0,6.5,17.4,83.5,2.4,4.2,6.5,0.7,3.9,9.5,78.6,2019,2106.86
WHITMAN,36257.0,39406.0,20511.0,32656.0,23287.0,6688.0,10972.0,11838.0,20030.0,40088.0,45512.0,29352.0,50.4,49.6,24.0,64.5,85.0,23.6,12.9,8.1,9.0,4.4,3.8,9.6,84.7,2.7,1.8,9.6,0.7,1.1,4.9,81.3,,,,,,,,,,,,,,,,,,,,,,,,,,,,,,,,,2014,2159.09
WHITMAN,35578.0,38977.0,26346.0,24219.0,24131.0,7198.0,12778.0,11944.0,15585.0,40140.0,46003.0,28712.0,51.0,49.0,24.0,62.4,85.0,21.8,12.8,8.0,8.8,4.5,3.9,9.7,84.1,2.9,1.7,9.7,0.7,1.3,5.1,80.9,,,,,,,,,,,,,,,,,,,,,,,,,,,,,,,,,2015,2159.09
WHITMAN,36631.0,39373.0,33750.0,24063.0,25398.0,,,22958.0,18287.0,40112.0,46737.0,30600.0,50.9,49.1,24.2,65.5,85.0,24.6,13.0,8.2,8.7,4.4,4.1,9.7,83.6,3.1,1.8,9.7,0.7,1.8,5.4,80.3,,,,,,,,,,,,,,,,,,,,,,,,,,,,,,,,,2016,2159.09
WHITMAN,38636.0,41108.0,27083.0,,29205.0,,,20859.0,20795.0,41654.0,47494.0,30471.0,50.8,49.2,24.2,64.2,84.9,24.0,13.3,8.3,8.2,4.6,4.1,9.8,83.0,3.2,1.9,10.0,0.6,2.0,5.6,79.8,,,,,,,,,,,,,,,,,,,,,,,,,,,,,,,,,2017,2159.09
WHITMAN,41574.0,43807.0,25474.0,,31496.0,,45563.0,27250.0,20066.0,44604.0,47794.0,30511.0,51.1,48.9,24.5,63.8,84.9,22.7,13.5,8.5,8.3,4.6,4.2,9.8,82.8,3.2,2.0,10.1,0.7,2.1,5.9,79.5,,,,,,,,,,,,,,,,,,,,,,,,,,,,,,,,,2018,2159.09
WHITMAN,42163.0,44697.0,22228.0,,28393.0,,,28438.0,19340.0,45236.0,48593.0,31463.0,50.9,49.1,24.6,64.7,84.9,22.6,14.0,8.5,7.8,4.5,4.3,10.0,82.6,3.4,1.8,10.4,0.5,2.2,6.2,78.9,,,,,,,,,,,,,,,,,,,,,,,,,,,,,,,,,2019,2159.09
YAKIMA,43506.0,46187.0,31630.0,36419.0,63359.0,42656.0,35483.0,33636.0,35444.0,51940.0,244654.0,159082.0,50.1,49.9,32.3,65.0,69.8,7.0,13.1,12.1,12.1,5.7,4.9,11.9,74.4,1.5,5.4,1.7,0.3,17.4,45.7,47.0,41917.0,45922.0,20050.0,28663.0,62698.0,,29739.0,31010.0,35600.0,49203.0,247044.0,161925.0,50.1,49.9,32.7,65.5,70.0,7.2,13.0,11.9,11.6,5.6,5.2,12.5,73.7,1.4,5.3,2.0,0.3,17.7,47.0,45.7,2014,4295.39
YAKIMA,43956.0,46558.0,23482.0,36741.0,56094.0,44531.0,36437.0,34340.0,35183.0,52457.0,246402.0,160918.0,50.1,49.9,32.4,65.3,69.9,7.1,13.1,12.0,11.9,5.9,4.8,12.1,76.2,1.5,5.4,1.7,0.3,15.5,46.5,46.2,44648.0,43977.0,,45224.0,52207.0,,46642.0,50025.0,35768.0,51209.0,247687.0,163802.0,49.9,50.1,32.6,66.1,70.2,7.7,12.8,11.7,11.6,6.0,4.8,12.8,79.6,1.7,5.7,1.9,0.3,11.5,47.7,44.8,2015,4295.39
YAKIMA,44749.0,46845.0,24773.0,42934.0,50565.0,,37274.0,36304.0,37141.0,51731.0,247408.0,161894.0,50.1,49.9,32.5,65.4,70.0,7.2,13.0,11.9,11.8,5.9,4.8,12.4,78.0,1.4,5.3,1.7,0.3,13.8,47.1,45.6,47223.0,48641.0,26883.0,45723.0,,,37400.0,41925.0,41782.0,51325.0,248830.0,164469.0,50.3,49.7,32.9,66.1,70.2,7.3,12.8,12.0,11.4,6.3,4.6,13.1,81.1,1.3,5.2,1.5,,11.0,48.3,44.2,2016,4295.39
YAKIMA,45700.0,47212.0,32828.0,42689.0,51211.0,,38693.0,41397.0,38532.0,52100.0,247681.0,162725.0,50.0,50.0,32.6,65.7,70.0,7.1,12.9,11.9,11.7,5.9,4.9,12.7,78.4,1.6,5.4,1.7,0.3,13.1,47.7,45.0,48965.0,50400.0,41352.0,37756.0,41884.0,,44478.0,41709.0,41146.0,56072.0,249636.0,165174.0,50.0,50.0,32.8,66.2,70.1,6.9,12.9,11.7,11.4,5.9,4.9,13.5,77.9,2.1,5.6,1.8,0.4,12.9,48.8,43.8,2017,4295.39
YAKIMA,47470.0,49355.0,29605.0,42983.0,51875.0,48413.0,40541.0,44774.0,41050.0,52721.0,248279.0,163469.0,50.1,49.9,32.7,65.8,70.1,7.1,13.0,11.9,11.5,5.8,5.0,12.9,78.0,1.6,5.5,1.8,0.3,13.4,48.4,44.3,47402.0,50788.0,,22532.0,33700.0,,40293.0,36261.0,41577.0,52144.0,250193.0,163819.0,50.0,50.0,32.7,65.5,70.3,6.9,13.4,11.6,11.3,5.5,5.3,13.5,76.9,1.4,5.4,1.8,0.1,14.9,49.4,43.1,2018,4295.39
YAKIMA,49871.0,50803.0,43333.0,47107.0,47321.0,89028.0,44839.0,48183.0,42706.0,54505.0,249325.0,164732.0,50.1,49.9,32.8,66.1,70.1,7.0,13.1,11.9,11.3,5.7,5.1,13.2,78.1,1.7,5.6,1.8,0.2,13.1,48.9,43.7,51555.0,51524.0,111055.0,,50625.0,,49959.0,70889.0,47914.0,54866.0,251446.0,167576.0,49.8,50.2,33.3,66.6,70.4,6.8,13.3,11.9,10.9,5.6,5.4,13.7,75.2,1.9,5.7,2.0,0.2,15.4,49.9,42.6,2019,4295.39
